title,sell_price,orig_price,rating,num_ratings
"SAMSUNG Galaxy F13 (Waterfall Blue, 64 GB)","₹9,499","₹14,999",4.4,"46,482 Ratings & 2,292 Reviews"
"SAMSUNG Galaxy F13 (Sunrise Copper, 64 GB)","₹9,499","₹14,999",4.4,"46,482 Ratings & 2,292 Reviews"
"APPLE iPhone 11 (White, 64 GB)","₹35,990","₹43,900",4.6,"1,38,591 Ratings & 8,756 Reviews"
"I Kall K475 (Gold, 64 GB)","₹6,649",,3,224 Ratings & 24 Reviews
"APPLE iPhone 11 (White, 128 GB)","₹42,990","₹48,900",4.6,"1,38,591 Ratings & 8,756 Reviews"
"SAMSUNG Galaxy F13 (Nightsky Green, 64 GB)","₹9,499","₹14,999",4.4,"46,482 Ratings & 2,292 Reviews"
"REDMI 10 (Midnight Black, 64 GB)","₹8,549","₹14,999",4.3,"98,464 Ratings & 6,222 Reviews"
"I Kall K525 (Tarnish, 64 GB)","₹7,399","₹7,499",3.3,379 Ratings & 26 Reviews
"REDMI 10 (Caribbean Green, 64 GB)","₹8,549","₹14,999",4.3,"98,464 Ratings & 6,222 Reviews"
"POCO C31 (Royal Blue, 64 GB)","₹7,499","₹11,999",4.3,"1,34,535 Ratings & 8,345 Reviews"
"I Kall Z2 (Dark Blue, 16 GB)","₹4,749",,3.1,125 Ratings & 12 Reviews
"I Kall Z15 (Green, 64 GB)","₹7,124",,3,79 Ratings & 6 Reviews
"APPLE iPhone 11 (Black, 128 GB)","₹42,990","₹48,900",4.6,"1,38,591 Ratings & 8,756 Reviews"
"realme C30 (Bamboo Green, 32 GB)","₹5,699","₹8,499",4.4,"33,387 Ratings & 1,453 Reviews"
"realme C30 (Lake Blue, 32 GB)","₹5,699","₹8,499",4.4,"33,387 Ratings & 1,453 Reviews"
"realme C30 (Denim Black, 32 GB)","₹5,699","₹8,499",4.4,"33,387 Ratings & 1,453 Reviews"
"I Kall Z11 PRO (Grey, 64 GB)","₹6,934",,,
"IKall Z12 PRO (SKY colored, 64 GB)","₹6,899",,3.6,9 Ratings & 0 Reviews
"realme 8i (Space Black, 64 GB)","₹10,499","₹15,999",4.5,"1,65,699 Ratings & 10,537 Reviews"
"realme 8i (Space Purple, 64 GB)","₹10,499","₹15,999",4.5,"1,65,699 Ratings & 10,537 Reviews"
I Kall K43 PRO,₹899,,,
"I Kall Z3 (Aquamarine, 64 GB)","₹6,649",,3,920 Ratings & 87 Reviews
"APPLE iPhone 11 (Black, 64 GB)","₹35,990","₹43,900",4.6,"1,38,591 Ratings & 8,756 Reviews"
"Infinix HOT 12 Play (Horizon Blue, 64 GB)","₹8,199","₹11,999",4.3,"80,538 Ratings & 6,173 Reviews"
,,,,
,,,,
"realme C33 (Aqua Blue, 32 GB)","₹8,999","₹11,999",4.5,"5,258 Ratings & 198 Reviews"
"realme C33 (Night Sea, 64 GB)","₹9,999","₹12,999",4.5,"24,473 Ratings & 873 Reviews"
"APPLE iPhone 13 (Green, 128 GB)","₹59,990","₹69,900",4.7,"1,15,677 Ratings & 6,100 Reviews"
"Infinix HOT 12 Play (Daylight Green, 64 GB)","₹8,199","₹11,999",4.3,"80,538 Ratings & 6,173 Reviews"
"realme C30 (Denim Black, 32 GB)","₹6,799","₹9,299",4.2,"10,298 Ratings & 573 Reviews"
"Infinix HOT 12 Play (Champagne Gold, 64 GB)","₹8,199","₹11,999",4.3,"80,538 Ratings & 6,173 Reviews"
"Infinix HOT 12 Play (Racing Black, 64 GB)","₹8,199","₹11,999",4.3,"80,538 Ratings & 6,173 Reviews"
"POCO C31 (Shadow Gray, 64 GB)","₹7,499","₹11,999",4.3,"1,34,535 Ratings & 8,345 Reviews"
"SAMSUNG Galaxy F23 5G (Forest Green, 128 GB)","₹13,999","₹23,999",4.2,"81,898 Ratings & 6,968 Reviews"
"REDMI 9i Sport (Coral Green, 64 GB)","₹7,299","₹9,999",4.4,"1,61,327 Ratings & 9,184 Reviews"
"realme 8s 5G (Universe Blue, 128 GB)","₹14,999","₹20,999",4.4,"73,251 Ratings & 6,030 Reviews"
"APPLE iPhone 13 (Midnight, 128 GB)","₹59,990","₹69,900",4.7,"1,15,677 Ratings & 6,100 Reviews"
"realme 8s 5G (Universe Purple, 128 GB)","₹14,999","₹20,999",4.4,"73,251 Ratings & 6,030 Reviews"
"realme 8s 5G (Universe Purple, 128 GB)","₹16,499","₹22,999",4.4,"51,242 Ratings & 4,644 Reviews"
"Infinix Hot 12 (7° Purple, 64 GB)","₹8,499","₹12,999",4.3,"4,067 Ratings & 265 Reviews"
"Infinix Hot 12 (Exploratory Blue, 64 GB)","₹8,499","₹12,999",4.3,"4,067 Ratings & 265 Reviews"
"Infinix Hot 12 (Turquoise Cyan, 64 GB)","₹8,499","₹12,999",4.3,"4,067 Ratings & 265 Reviews"
"vivo T1 5G (Rainbow Fantasy, 128 GB)","₹16,990","₹20,990",4.3,"1,15,512 Ratings & 10,220 Reviews"
"vivo T1 5G (Rainbow Fantasy, 128 GB)","₹15,990","₹19,990",4.3,"43,889 Ratings & 3,802 Reviews"
"realme C35 (Glowing Green, 64 GB)","₹11,999","₹13,999",4.4,"1,22,684 Ratings & 7,828 Reviews"
"realme C35 (Glowing Black, 64 GB)","₹11,999","₹13,999",4.4,"1,22,684 Ratings & 7,828 Reviews"
"SAMSUNG Galaxy F23 5G (Aqua Blue, 128 GB)","₹13,999","₹23,999",4.2,"81,898 Ratings & 6,968 Reviews"
"POCO M4 Pro (Cool Blue, 128 GB)","₹12,499","₹19,999",4.3,"84,004 Ratings & 7,741 Reviews"
"MOTOROLA g72 (Polar Blue, 128 GB)","₹18,999","₹21,999",,
,,,,
,,,,
"POCO M4 Pro (Power Black, 128 GB)","₹12,499","₹19,999",4.3,"84,004 Ratings & 7,741 Reviews"
"Infinix Hot 12 (Polar Black, 64 GB)","₹8,499","₹12,999",4.3,"4,067 Ratings & 265 Reviews"
"I Kall K475 (Gold, 64 GB)","₹6,649",,3,224 Ratings & 24 Reviews
"I Kall Z15 (SKY Blue, 64 GB)","₹7,124",,3,79 Ratings & 6 Reviews
"APPLE iPhone 13 ((PRODUCT)RED, 128 GB)","₹59,990","₹69,900",4.7,"1,15,677 Ratings & 6,100 Reviews"
"REDMI Note 11 SE (Bifrost Blue, 64 GB)","₹11,699","₹16,999",4.3,"7,588 Ratings & 384 Reviews"
"vivo T1 44W (Ice Dawn, 128 GB)","₹14,499","₹19,990",4.4,"47,441 Ratings & 3,717 Reviews"
"vivo T1 44W (Starry Sky, 128 GB)","₹14,499","₹19,990",4.4,"47,441 Ratings & 3,717 Reviews"
"I Kall K525 (Tarnish, 64 GB)","₹7,399","₹7,499",3.3,379 Ratings & 26 Reviews
"I Kall Z2 (Dark Blue, 16 GB)","₹4,749",,3.1,125 Ratings & 12 Reviews
"vivo T1 44W (Midnight Galaxy, 128 GB)","₹14,499","₹19,990",4.4,"47,441 Ratings & 3,717 Reviews"
"realme C30 (Lake Blue, 32 GB)","₹6,799","₹9,299",4.2,"10,298 Ratings & 573 Reviews"
"I Kall Z15 (Green, 64 GB)","₹7,124",,3,79 Ratings & 6 Reviews
"I Kall Z11 PRO (Grey, 64 GB)","₹6,934",,,
"realme C30 (Bamboo Green, 32 GB)","₹6,799","₹9,299",4.2,"10,298 Ratings & 573 Reviews"
"REDMI Note 11 SE (Space Black, 64 GB)","₹11,699","₹16,999",4.3,"7,588 Ratings & 384 Reviews"
"APPLE iPhone 13 (Pink, 128 GB)","₹60,990","₹69,900",4.7,"1,15,677 Ratings & 6,100 Reviews"
GFive K2,₹749,,3.8,121 Ratings & 14 Reviews
"IKall Z12 PRO (SKY colored, 64 GB)","₹6,899",,3.6,9 Ratings & 0 Reviews
"I Kall Z3 (Aquamarine, 64 GB)","₹6,649",,3,920 Ratings & 87 Reviews
"MOTOROLA e40 (Carbon Gray, 64 GB)","₹8,599","₹10,999",4.1,"36,641 Ratings & 3,848 Reviews"
Nokia 105 SS,"₹1,299","₹1,599",4.2,"9,859 Ratings & 732 Reviews"
I Kall K43 PRO,₹899,,,
"I Kall Z12 (SKY BLUE, 64 GB)","₹6,934",,2.5,49 Ratings & 4 Reviews
,,,,
,,,,
"OPPO K10 (Blue Flame, 128 GB)","₹14,990","₹18,999",4.4,"65,937 Ratings & 5,119 Reviews"
"vivo T1 44W (Ice Dawn, 128 GB)","₹15,999","₹20,990",4.4,"27,816 Ratings & 2,282 Reviews"
"vivo T1 44W (Starry Sky, 128 GB)","₹15,999","₹20,990",4.4,"27,816 Ratings & 2,282 Reviews"
"MOTOROLA g72 (Meteorite Grey, 128 GB)","₹18,999","₹21,999",,
"I Kall K475 (Gold, 64 GB)","₹6,649",,3,224 Ratings & 24 Reviews
"I Kall K525 (Tarnish, 64 GB)","₹7,399","₹7,499",3.3,379 Ratings & 26 Reviews
"MOTOROLA e40 (Pink Clay, 64 GB)","₹8,599","₹10,999",4.1,"36,641 Ratings & 3,848 Reviews"
"realme C35 (Glowing Black, 128 GB)","₹12,999","₹14,999",4.4,"1,22,684 Ratings & 7,828 Reviews"
"I Kall Z15 (SKY Blue, 64 GB)","₹7,124",,3,79 Ratings & 6 Reviews
"I Kall Z2 (Dark Blue, 16 GB)","₹4,749",,3.1,125 Ratings & 12 Reviews
"vivo T1 5G (Silky White, 128 GB)","₹15,990","₹19,990",4.3,"43,889 Ratings & 3,802 Reviews"
"vivo T1 5G (Silky White, 128 GB)","₹16,990","₹20,990",4.3,"1,15,512 Ratings & 10,220 Reviews"
"vivo T1 5G (Starlight Black, 128 GB)","₹16,990","₹20,990",4.3,"1,15,512 Ratings & 10,220 Reviews"
"vivo T1 5G (Starlight Black, 128 GB)","₹15,990","₹19,990",4.3,"43,889 Ratings & 3,802 Reviews"
"I Kall Z15 (Green, 64 GB)","₹7,124",,3,79 Ratings & 6 Reviews
"I Kall Z11 PRO (Grey, 64 GB)","₹6,934",,,
"POCO M4 Pro (Power Black, 64 GB)","₹11,499","₹17,999",4.3,"84,004 Ratings & 7,741 Reviews"
"OPPO F19 (Midnight Blue, 128 GB)","₹13,990","₹20,990",4.3,"14,119 Ratings & 1,062 Reviews"
"IKall Z12 PRO (SKY colored, 64 GB)","₹6,899",,3.6,9 Ratings & 0 Reviews
"I Kall Z3 (Aquamarine, 64 GB)","₹6,649",,3,920 Ratings & 87 Reviews
"OPPO F19 (Prism Black, 128 GB)","₹13,990","₹20,990",4.3,"14,119 Ratings & 1,062 Reviews"
"realme C25_Y (Glacier Blue, 128 GB)","₹8,999","₹13,999",4.5,"43,587 Ratings & 2,125 Reviews"
"realme C25_Y (Metal Grey, 128 GB)","₹8,999","₹13,999",4.5,"43,587 Ratings & 2,125 Reviews"
"SAMSUNG Galaxy S21 FE 5G (Olive, 128 GB)","₹35,999","₹74,999",4.4,"14,417 Ratings & 1,424 Reviews"
,,,,
,,,,
"I Kall K475 (Gold, 64 GB)","₹6,649",,3,224 Ratings & 24 Reviews
"I Kall Z15 (SKY Blue, 64 GB)","₹7,124",,3,79 Ratings & 6 Reviews
"realme 9i 5G (Metallica Gold, 64 GB)","₹13,499","₹17,999",4.5,"16,914 Ratings & 667 Reviews"
"POCO M4 Pro (Power Black, 128 GB)","₹14,499","₹21,999",4.2,"7,565 Ratings & 707 Reviews"
"I Kall K525 (Tarnish, 64 GB)","₹7,399","₹7,499",3.3,379 Ratings & 26 Reviews
"I Kall Z2 (Dark Blue, 16 GB)","₹4,749",,3.1,125 Ratings & 12 Reviews
Nokia 105 PLUS,"₹1,299","₹1,699",4.1,"2,417 Ratings & 179 Reviews"
Nokia 105 PLUS,"₹1,299","₹1,699",4.1,"2,417 Ratings & 179 Reviews"
"Infinix Note 12 (Force Black, 64 GB)","₹9,999","₹15,999",4.3,"13,955 Ratings & 1,423 Reviews"
"Infinix Note 12 (Jewel Blue, 64 GB)","₹9,999","₹15,999",4.3,"13,955 Ratings & 1,423 Reviews"
"I Kall Z15 (Green, 64 GB)","₹7,124",,3,79 Ratings & 6 Reviews
"I Kall Z11 PRO (Grey, 64 GB)","₹6,934",,,
"vivo T1X (Space Blue, 64 GB)","₹11,999","₹16,990",4.5,"41,071 Ratings & 2,134 Reviews"
"REDMI Note 11 SE (Thunder Purple, 64 GB)","₹11,699","₹16,999",4.3,"7,588 Ratings & 384 Reviews"
"IKall Z12 PRO (SKY colored, 64 GB)","₹6,899",,3.6,9 Ratings & 0 Reviews
"I Kall Z3 (Aquamarine, 64 GB)","₹6,649",,3,920 Ratings & 87 Reviews
"Infinix Smart 6 (Light Sea Green, 64 GB)","₹6,499","₹8,999",4.4,"18,373 Ratings & 1,261 Reviews"
"POCO M4 5G (Cool Blue, 64 GB)","₹10,999","₹15,999",4.2,"29,728 Ratings & 2,458 Reviews"
"realme 8i (Space Black, 128 GB)","₹11,999","₹17,999",4.4,"69,257 Ratings & 4,864 Reviews"
"SAMSUNG Galaxy M33 5G (Mystique Green, 128 GB)","₹15,190",,4.2,"4,032 Ratings & 400 Reviews"
I Kall K43 PRO,₹899,,,
"I Kall Z12 (SKY BLUE, 64 GB)","₹6,934",,2.5,49 Ratings & 4 Reviews
"vivo T1 5G (Rainbow Fantasy, 128 GB)","₹19,990","₹23,990",4.3,"10,955 Ratings & 1,010 Reviews"
"vivo T1 5G (Starlight Black, 128 GB)","₹19,990","₹23,990",4.3,"10,955 Ratings & 1,010 Reviews"
,,,,
,,,,
"I Kall K475 (Gold, 64 GB)",,,3,224 Ratings & 24 Reviews
"I Kall Z15 (SKY Blue, 64 GB)",,,3,79 Ratings & 6 Reviews
"Infinix Smart 6 (Heart Of Ocean, 64 GB)",,,4.4,"18,373 Ratings & 1,261 Reviews"
"Infinix Smart 6 (Starry Purple, 64 GB)",,,4.4,"18,373 Ratings & 1,261 Reviews"
"realme 9 5G (Supersonic Black, 64 GB)",,,4.5,"31,445 Ratings & 1,726 Reviews"
"MOTOROLA g31 (Meteorite Grey, 128 GB)",,,4.1,"8,927 Ratings & 1,040 Reviews"
"I Kall K525 (Tarnish, 64 GB)",,,3.3,379 Ratings & 26 Reviews
"I Kall Z2 (Dark Blue, 16 GB)",,,3.1,125 Ratings & 12 Reviews
"realme 9 5G (Stargaze White, 64 GB)",,,4.5,"31,445 Ratings & 1,726 Reviews"
"realme 9 5G (Meteor Black, 64 GB)",,,4.5,"31,445 Ratings & 1,726 Reviews"
"I Kall Z15 (Green, 64 GB)",,,3,79 Ratings & 6 Reviews
"I Kall Z11 PRO (Grey, 64 GB)",,,,
"realme 9 5G (Supersonic Blue, 64 GB)",,,4.5,"31,445 Ratings & 1,726 Reviews"
"POCO M4 Pro (Yellow, 128 GB)",,,4.2,"7,565 Ratings & 707 Reviews"
"MOTOROLA G51 5G (Indigo Blue, 64 GB)",,,4.1,"12,235 Ratings & 1,582 Reviews"
"Infinix Hot 12 Pro (Racing Black, 128 GB)",,,3.9,"2,109 Ratings & 190 Reviews"
"IKall Z12 PRO (SKY colored, 64 GB)",,,3.6,9 Ratings & 0 Reviews
"I Kall Z3 (Aquamarine, 64 GB)",,,3,920 Ratings & 87 Reviews
"REDMI Note 11 SE (Cosmic White, 64 GB)",,,4.3,"7,588 Ratings & 384 Reviews"
"Nothing Phone (1) (White, 256 GB)",,,4.3,"26,958 Ratings & 3,909 Reviews"
I Kall K43 PRO,,,,
"I Kall Z12 (SKY BLUE, 64 GB)",,,2.5,49 Ratings & 4 Reviews
"REDMI 10A (Sea Blue, 32 GB)",,,4.3,184 Ratings & 16 Reviews
"REDMI Note 10S (Deep Sea Blue, 64 GB)",,,4.4,"76,314 Ratings & 5,173 Reviews"
,,,,
"REDMI 10A (Slate Grey, 32 GB)","₹7,242","₹8,793",4.1,526 Ratings & 48 Reviews
"realme C35 (Glowing Black, 128 GB)","₹13,999","₹15,999",4.2,"7,132 Ratings & 457 Reviews"
"I Kall K475 (Gold, 64 GB)","₹6,649",,3,224 Ratings & 24 Reviews
"I Kall Z15 (SKY Blue, 64 GB)","₹7,124",,3,79 Ratings & 6 Reviews
"realme C35 (Glowing Green, 128 GB)","₹13,999","₹15,999",4.2,"7,132 Ratings & 457 Reviews"
"realme C35 (Glowing Green, 128 GB)","₹12,999","₹14,999",4.4,"1,22,684 Ratings & 7,828 Reviews"
"I Kall Z2 (Dark Blue, 16 GB)","₹4,749",,3.1,125 Ratings & 12 Reviews
"I Kall Z15 (Green, 64 GB)","₹7,124",,3,79 Ratings & 6 Reviews
"MOTOROLA G60 (Moonless, 128 GB)","₹14,999","₹21,999",4.2,"1,21,883 Ratings & 12,372 Reviews"
"vivo T1X (Gravity Black, 128 GB)","₹12,999","₹17,990",4.5,"41,071 Ratings & 2,134 Reviews"
"vivo T1X (Space Blue, 128 GB)","₹12,999","₹17,990",4.5,"41,071 Ratings & 2,134 Reviews"
"SAMSUNG Galaxy F13 (Waterfall Blue, 128 GB)","₹10,999","₹16,999",4.4,"46,482 Ratings & 2,292 Reviews"
"I Kall Z11 PRO (Grey, 64 GB)","₹6,934",,,
"IKall Z12 PRO (SKY colored, 64 GB)","₹6,899",,3.6,9 Ratings & 0 Reviews
"POCO M4 Pro 5G (Yellow, 128 GB)","₹14,499","₹19,999",4.2,"27,383 Ratings & 2,562 Reviews"
"realme GT Neo 3T (Dash Yellow, 128 GB)","₹25,999","₹34,999",4.3,"4,531 Ratings & 587 Reviews"
"I Kall Z3 (Aquamarine, 64 GB)","₹6,649",,3,920 Ratings & 87 Reviews
I Kall K43 PRO,₹899,,,
"realme GT Neo 3T (Shade Black, 256 GB)","₹29,999","₹38,999",4.3,"2,171 Ratings & 284 Reviews"
"realme 9i 5G (Soulful Blue, 64 GB)","₹13,499","₹17,999",4.5,"16,914 Ratings & 667 Reviews"
"realme GT Neo 3T (Drifting White, 128 GB)","₹27,999","₹36,999",4.3,"2,171 Ratings & 284 Reviews"
"realme 9i 5G (Soulful Blue, 128 GB)","₹16,999","₹19,999",4.3,"1,868 Ratings & 125 Reviews"
"I Kall Z12 (SKY BLUE, 64 GB)","₹6,934",,2.5,49 Ratings & 4 Reviews
"I Kall Z14 (Grey, 64 GB)","₹7,124",,3,73 Ratings & 1 Reviews
,,,,
"POCO M4 Pro 5G (Power Black, 128 GB)","₹14,499","₹19,999",4.2,"27,383 Ratings & 2,562 Reviews"
"SAMSUNG Galaxy F13 (Sunrise Copper, 128 GB)","₹10,999","₹16,999",4.4,"46,482 Ratings & 2,292 Reviews"
"I Kall K475 (Gold, 64 GB)","₹6,649",,3,224 Ratings & 24 Reviews
"I Kall Z15 (SKY Blue, 64 GB)","₹7,124",,3,79 Ratings & 6 Reviews
"realme 8s 5G (Universe Purple, 128 GB)","₹16,499","₹22,999",4.4,"51,242 Ratings & 4,644 Reviews"
"REDMI 10A (Sea Blue, 64 GB)","₹8,435","₹11,999",4.2,"2,972 Ratings & 212 Reviews"
"REDMI 10A (Slate grey, 64 GB)","₹8,395",,4.2,"2,972 Ratings & 212 Reviews"
"REDMI 10A (Sea Blue, 64 GB)","₹8,389",,4.2,"2,972 Ratings & 212 Reviews"
"I Kall Z2 (Dark Blue, 16 GB)","₹4,749",,3.1,125 Ratings & 12 Reviews
"I Kall Z15 (Green, 64 GB)","₹7,124",,3,79 Ratings & 6 Reviews
"Realme C30 - Locked with Airtel Prepaid (Denim Black, 32 GB)","₹5,099","₹8,499",4.4,"33,387 Ratings & 1,453 Reviews"
"POCO X4 Pro 5G (Laser Black, 128 GB)","₹16,999","₹23,999",4.1,"37,788 Ratings & 3,812 Reviews"
"I Kall Z11 PRO (Grey, 64 GB)","₹6,934",,,
"IKall Z12 PRO (SKY colored, 64 GB)","₹6,899",,3.6,9 Ratings & 0 Reviews
"MOTOROLA G60 (Dynamic Gray, 128 GB)","₹14,999","₹21,999",4.2,"1,21,883 Ratings & 12,372 Reviews"
LAVA A1 Josh 2021,"₹1,055","₹1,249",4.1,"6,213 Ratings & 544 Reviews"
LAVA GEM,"₹1,680","₹1,849",4.2,"28,550 Ratings & 3,087 Reviews"
"POCO M4 Pro 5G (Cool Blue, 64 GB)","₹12,499","₹16,999",4.3,"22,333 Ratings & 2,018 Reviews"
"I Kall Z3 (Aquamarine, 64 GB)","₹6,649",,3,920 Ratings & 87 Reviews
I Kall K43 PRO,₹899,,,
"realme 9 5G SE (Azure Glow, 128 GB)","₹16,999","₹24,999",4.4,"13,713 Ratings & 1,234 Reviews"
"realme 9 5G SE (Starry Glow, 128 GB)","₹16,999","₹24,999",4.4,"13,713 Ratings & 1,234 Reviews"
"I Kall Z12 (SKY BLUE, 64 GB)","₹6,934",,2.5,49 Ratings & 4 Reviews
"I Kall Z9 (Green, 32 GB)","₹5,224",,2.9,118 Ratings & 14 Reviews
,,,,
,,,,
"realme Narzo 50 (Speed Blue, 64 GB)","₹10,832","₹15,999",4.5,"12,096 Ratings & 737 Reviews"
"REDMI Note 10T 5G (Mint Green, 128 GB)","₹14,999","₹18,999",4.2,"25,985 Ratings & 2,008 Reviews"
"MOTOROLA g31 (Baby Blue, 128 GB)","₹11,999","₹16,999",4.1,"8,927 Ratings & 1,040 Reviews"
"vivo T1 Pro 5G (Turbo Black, 128 GB)","₹23,999","₹28,990",4.4,"4,896 Ratings & 453 Reviews"
"MOTOROLA g52 (Charcoal Grey, 128 GB)","₹13,999","₹19,999",4.2,"10,959 Ratings & 1,435 Reviews"
"POCO X4 Pro 5G (Yellow, 128 GB)","₹16,999","₹23,999",4.1,"37,788 Ratings & 3,812 Reviews"
"REDMI Note 10T 5G (Mint Green, 64 GB)","₹12,999","₹16,999",4.3,"39,379 Ratings & 2,803 Reviews"
"OPPO K10 (Black Carbon, 128 GB)","₹16,990","₹22,999",4.4,"4,361 Ratings & 376 Reviews"
"MOTOROLA g31 (Meteorite Grey, 64 GB)","₹10,499","₹13,999",4.2,"27,176 Ratings & 3,247 Reviews"
"OPPO K10 5G (Ocean Blue, 128 GB)","₹16,499","₹20,999",4.5,"8,274 Ratings & 576 Reviews"
"OPPO K10 5G (Ocean Blue, 128 GB)","₹17,499","₹25,999",4.4,"32,975 Ratings & 2,536 Reviews"
SAMSUNG Guru Music 2,"₹1,850","₹1,950",4.3,"1,92,292 Ratings & 18,055 Reviews"
"MOTOROLA G40 Fusion (Dynamic Gray, 128 GB)","₹13,499","₹19,999",4.2,"52,737 Ratings & 5,764 Reviews"
"vivo T1 44W (Starry Sky, 128 GB)","₹17,999","₹23,990",4.3,"3,531 Ratings & 313 Reviews"
"realme 9i 5G (Rocking Black, 128 GB)","₹16,999","₹19,999",4.3,"1,868 Ratings & 125 Reviews"
"vivo T1 44W (Midnight Galaxy, 128 GB)","₹17,999","₹23,990",4.3,"3,531 Ratings & 313 Reviews"
"POCO M4 5G (Yellow, 128 GB)","₹12,999","₹18,999",4.1,"14,147 Ratings & 1,181 Reviews"
"vivo Y53s (Deep Sea Blue, 128 GB)","₹15,490","₹22,990",4.3,"16,094 Ratings & 1,375 Reviews"
"SAMSUNG Galaxy M33 5G (Mystique Green, 128 GB)","₹15,014",,4.2,"4,032 Ratings & 400 Reviews"
"SAMSUNG Galaxy S21 FE 5G (Graphite, 128 GB)","₹35,999","₹74,999",4.4,"14,417 Ratings & 1,424 Reviews"
"POCO M4 Pro 5G (Power Black, 128 GB)","₹15,499","₹21,999",4.2,"3,976 Ratings & 362 Reviews"
SAMSUNG GT-E1215ZWAINS,"₹1,299","₹1,410",4.3,"33,423 Ratings & 2,905 Reviews"
"Infinix Note 12 (Jewel Blue, 128 GB)","₹11,499","₹17,999",4.2,"7,463 Ratings & 759 Reviews"
"Infinix Note 12 (Force Black, 128 GB)","₹11,499","₹17,999",4.2,"7,463 Ratings & 759 Reviews"
,,,,
,,,,
"I Kall K475 (Gold, 64 GB)","₹6,649",,3,224 Ratings & 24 Reviews
"I Kall Z15 (SKY Blue, 64 GB)","₹7,124",,3,79 Ratings & 6 Reviews
"SAMSUNG GALAXY M13 (Midnight Blue, 64 GB)","₹9,989",,4.2,266 Ratings & 16 Reviews
"POCO X4 Pro 5G (Laser Black, 64 GB)","₹15,499","₹22,999",4.1,"37,788 Ratings & 3,812 Reviews"
"I Kall Z2 (Dark Blue, 16 GB)","₹4,749",,3.1,125 Ratings & 12 Reviews
"I Kall Z15 (Green, 64 GB)","₹7,124",,3,79 Ratings & 6 Reviews
"Moto G71 5G (Arctic Blue, 128 GB)","₹16,999","₹22,999",4.2,"16,623 Ratings & 2,019 Reviews"
"APPLE iPhone 13 (Blue, 128 GB)","₹59,990","₹69,900",4.7,"1,15,677 Ratings & 6,100 Reviews"
"vivo T1X (Space Blue, 128 GB)","₹14,999","₹18,990",4.4,"1,930 Ratings & 111 Reviews"
"REDMI 9 Activ (Carbon Black, 64 GB)","₹8,085","₹9,014",4.2,"5,404 Ratings & 396 Reviews"
"I Kall Z11 PRO (Grey, 64 GB)","₹6,934",,,
"IKall Z12 PRO (SKY colored, 64 GB)","₹6,899",,3.6,9 Ratings & 0 Reviews
"REDMI 9 Activ (Coral Green, 64 GB)","₹8,167","₹9,399",4.2,"5,404 Ratings & 396 Reviews"
"realme 9 Pro 5G (Sunrise Blue, 128 GB)","₹18,999","₹21,999",4.4,"63,595 Ratings & 5,503 Reviews"
"I Kall Z3 (Aquamarine, 64 GB)","₹6,649",,3,920 Ratings & 87 Reviews
I Kall K43 PRO,₹899,,,
"Infinix Zero 5G (Cosmic Black, 128 GB)","₹14,999","₹24,999",4.2,"5,747 Ratings & 973 Reviews"
Micromax X748,₹999,"₹2,499",4.1,"2,391 Ratings & 256 Reviews"
"realme 8 (Cyber Silver, 128 GB)","₹17,999","₹18,999",4.4,"94,580 Ratings & 8,348 Reviews"
"REDMI Note 10S (Frost White, 64 GB)","₹12,499","₹16,999",4.4,"76,314 Ratings & 5,173 Reviews"
"I Kall Z12 (SKY BLUE, 64 GB)","₹6,934",,2.5,49 Ratings & 4 Reviews
"I Kall Z9 (Green, 32 GB)","₹5,224",,2.9,118 Ratings & 14 Reviews
"REDMI K50i 5G (Stealth Black, 256 GB)","₹26,989",,4.3,40 Ratings & 3 Reviews
"MOTOROLA G60 (Frosted Champagne, 128 GB)","₹14,999","₹21,999",4.2,"1,21,883 Ratings & 12,372 Reviews"
,,,,
,,,,
"I Kall K475 (Gold, 64 GB)","₹6,649",,3,224 Ratings & 24 Reviews
"I Kall Z15 (SKY Blue, 64 GB)","₹7,124",,3,79 Ratings & 6 Reviews
"POCO X4 Pro 5G (Yellow, 64 GB)","₹15,499","₹22,999",4.1,"37,788 Ratings & 3,812 Reviews"
"realme 9 Pro 5G (Aurora Green, 128 GB)","₹18,999","₹21,999",4.4,"63,595 Ratings & 5,503 Reviews"
SAMSUNG GT-E1215ZKAINS,"₹1,299","₹1,410",4.3,"62,089 Ratings & 5,324 Reviews"
"MOTOROLA G60 (Soft Silver, 128 GB)","₹14,999","₹21,999",4.2,"1,21,883 Ratings & 12,372 Reviews"
"I Kall Z2 (Dark Blue, 16 GB)","₹4,749",,3.1,125 Ratings & 12 Reviews
"I Kall Z15 (Green, 64 GB)","₹7,124",,3,79 Ratings & 6 Reviews
"vivo T1 Pro 5G (Turbo Black, 128 GB)","₹24,999","₹30,990",4.3,"9,636 Ratings & 1,031 Reviews"
"vivo T1 Pro 5G (Turbo Cyan, 128 GB)","₹24,999","₹30,990",4.3,"9,636 Ratings & 1,031 Reviews"
"I Kall Z11 PRO (Grey, 64 GB)","₹6,934",,,
"IKall Z12 PRO (SKY colored, 64 GB)","₹6,899",,3.6,9 Ratings & 0 Reviews
"REDMI 10 Prime 2022 (Bifrost Blue, 64 GB)","₹11,198",,4.2,"1,836 Ratings & 129 Reviews"
"REDMI 10 Prime 2022 (Astral White, 64 GB)","₹11,179",,4.2,"1,836 Ratings & 129 Reviews"
Nokia 150 TA-1235 DS,"₹2,799",,4.1,"11,053 Ratings & 827 Reviews"
"REDMI Note 10 Pro Max (Vintage Bronze, 128 GB)","₹17,999","₹22,999",4.3,"13,609 Ratings & 993 Reviews"
I Kall K43 PRO,₹899,,,
"I Kall Z3 (Aquamarine, 64 GB)","₹6,649",,3,920 Ratings & 87 Reviews
"Infinix Smart 6 Plus (Tranquil Sea Blue, 64 GB)","₹7,499","₹9,999",4.3,"4,965 Ratings & 380 Reviews"
"OPPO F19 Pro+ 5G (Space Silver, 128 GB)","₹17,990","₹29,990",4.3,"13,013 Ratings & 1,367 Reviews"
"I Kall Z12 (SKY BLUE, 64 GB)","₹6,934",,2.5,49 Ratings & 4 Reviews
"I Kall Z9 (Green, 32 GB)","₹5,224",,2.9,118 Ratings & 14 Reviews
"REDMI Note 11T 5G (Stardust White, 128 GB)","₹16,498",,4.2,"4,073 Ratings & 333 Reviews"
"REDMI Note 11T 5G (Matte black, 128 GB)","₹18,430","₹19,840",4.2,"1,709 Ratings & 159 Reviews"
,,,,
"Redmi Note 11 (Starburst White, 64 GB)","₹11,734",,4.2,"6,632 Ratings & 640 Reviews"
"Redmi Note 11 (Horizon Blue, 64 GB)","₹11,684",,4.2,"6,632 Ratings & 640 Reviews"
"I Kall K475 (Gold, 64 GB)","₹6,649",,3,224 Ratings & 24 Reviews
"I Kall Z15 (SKY Blue, 64 GB)","₹7,124",,3,79 Ratings & 6 Reviews
"SAMSUNG Galaxy F22 (Denim Black, 64 GB)","₹10,999","₹14,999",4.3,"93,367 Ratings & 9,113 Reviews"
"REDMI Note 10 Pro Max (Dark Night, 128 GB)","₹17,999","₹22,999",4.3,"13,609 Ratings & 993 Reviews"
"I Kall K525 (Tarnish, 64 GB)","₹7,399","₹7,499",3.3,379 Ratings & 26 Reviews
"I Kall Z2 (Dark Blue, 16 GB)","₹4,749",,3.1,125 Ratings & 12 Reviews
"vivo Y16 (Drizzling Gold, 32 GB)","₹9,989",,,
"vivo Y16 (Drizzling Gold, 64 GB)","₹12,489",,4.5,4 Ratings & 1 Reviews
LAVA A3 Power,"₹1,299","₹1,499",4.1,"1,232 Ratings & 127 Reviews"
LAVA A3 Power,"₹1,275","₹1,599",4.1,"2,588 Ratings & 270 Reviews"
"I Kall Z15 (Green, 64 GB)","₹7,124",,3,79 Ratings & 6 Reviews
"I Kall Z11 PRO (Grey, 64 GB)","₹6,934",,,
"OPPO K10 5G (Midnight Black, 128 GB)","₹17,499","₹25,999",4.4,"32,975 Ratings & 2,536 Reviews"
"MOTOROLA G32 (Mineral Gray, 64 GB)","₹10,999","₹16,999",4.2,"4,347 Ratings & 440 Reviews"
"IKall Z12 PRO (SKY colored, 64 GB)","₹6,899",,3.6,9 Ratings & 0 Reviews
"I Kall Z3 (Aquamarine, 64 GB)","₹6,649",,3,920 Ratings & 87 Reviews
"realme 9 5G SE (Starry Glow, 128 GB)","₹22,999","₹26,999",4.3,"1,392 Ratings & 132 Reviews"
"realme 9i (Prism Blue, 128 GB)","₹14,999","₹16,999",4.5,"92,828 Ratings & 5,188 Reviews"
"realme 9i (Prism Black, 128 GB)","₹14,999","₹16,999",4.5,"92,828 Ratings & 5,188 Reviews"
"REDMI Note 11S (Polar White, 128 GB)","₹17,299",,4.1,492 Ratings & 48 Reviews
I Kall K43 PRO,₹899,,,
"I Kall Z12 (SKY BLUE, 64 GB)","₹6,934",,2.5,49 Ratings & 4 Reviews
,,,,
,,,,
"vivo Y53s (Fantastic Rainbow, 128 GB)","₹15,490","₹22,990",4.3,"16,094 Ratings & 1,375 Reviews"
"REDMI Note 10T 5G (Chromium White, 128 GB)","₹14,999","₹18,999",4.2,"25,985 Ratings & 2,008 Reviews"
"I Kall K475 (Gold, 64 GB)","₹6,649",,3,224 Ratings & 24 Reviews
"I Kall Z15 (SKY Blue, 64 GB)","₹7,124",,3,79 Ratings & 6 Reviews
"POCO X4 Pro 5G (Laser Blue, 128 GB)","₹18,499","₹25,999",4.1,"9,025 Ratings & 925 Reviews"
"Infinix Hot 12 Pro (Lightsaber Green, 64 GB)","₹9,499","₹13,999",4.3,"2,329 Ratings & 123 Reviews"
"MOTOROLA g52 (Metallic White, 64 GB)","₹12,999","₹17,999",4.1,"6,170 Ratings & 808 Reviews"
"vivo T1 Pro 5G (Turbo Cyan, 128 GB)","₹23,999","₹28,990",4.4,"4,896 Ratings & 453 Reviews"
"I Kall Z2 (Dark Blue, 16 GB)","₹4,749",,3.1,125 Ratings & 12 Reviews
"I Kall Z15 (Green, 64 GB)","₹7,124",,3,79 Ratings & 6 Reviews
SAMSUNG GURU GT,"₹1,599",,4.1,496 Ratings & 37 Reviews
"Realme C30 - Locked with Airtel Prepaid (Lake Blue, 32 GB)","₹6,199","₹9,299",4.2,"10,298 Ratings & 573 Reviews"
"I Kall Z11 PRO (Grey, 64 GB)","₹6,934",,,
"IKall Z12 PRO (SKY colored, 64 GB)","₹6,899",,3.6,9 Ratings & 0 Reviews
"REDMI 9 Activ (Coral Green, 128 GB)","₹10,499","₹12,999",4.2,"3,195 Ratings & 214 Reviews"
"SAMSUNG Galaxy F23 5G (Aqua Blue, 128 GB)","₹12,999","₹22,999",4.2,"21,128 Ratings & 1,670 Reviews"
"REDMI Note 10T 5G (Metallic Blue, 64 GB)","₹12,999","₹16,999",4.3,"39,379 Ratings & 2,803 Reviews"
"SAMSUNG Galaxy M33 5G (Deep Ocean Blue, 128 GB)","₹15,088",,4.2,"4,032 Ratings & 400 Reviews"
I Kall K43 PRO,₹899,,,
"I Kall Z3 (Aquamarine, 64 GB)","₹6,649",,3,920 Ratings & 87 Reviews
"SAMSUNG Galaxy F22 (Denim Blue, 64 GB)","₹10,999","₹14,999",4.3,"93,367 Ratings & 9,113 Reviews"
"POCO X4 Pro 5G (Laser Black, 128 GB)","₹18,499","₹25,999",4.1,"9,025 Ratings & 925 Reviews"
"I Kall Z12 (SKY BLUE, 64 GB)","₹6,934",,2.5,49 Ratings & 4 Reviews
"I Kall Z14 (Grey, 64 GB)","₹7,124",,3,73 Ratings & 1 Reviews
,,,,
,,,,
"POCO X4 Pro 5G (Laser Black, 128 GB)","₹18,499","₹25,999",4.1,"9,025 Ratings & 925 Reviews"
Micromax X512,"₹1,220",,4,148 Ratings & 9 Reviews
LAVA Gem,"₹1,649",,4.2,"7,338 Ratings & 660 Reviews"
"MOTOROLA G62 5G (Midnight Gray, 128 GB)","₹17,999","₹24,999",4.1,578 Ratings & 54 Reviews
"I Kall K475 (Gold, 64 GB)","₹6,649",,3,224 Ratings & 24 Reviews
"I Kall Z15 (SKY Blue, 64 GB)","₹7,124",,3,79 Ratings & 6 Reviews
"APPLE iPhone 11 (Green, 128 GB)","₹43,990","₹48,900",4.6,"1,38,591 Ratings & 8,756 Reviews"
"IQOO Z6 Lite 5G (Without Charger) (Mystic Night, 128 GB)","₹15,788",,4.5,16 Ratings & 2 Reviews
"I Kall Z2 (Dark Blue, 16 GB)","₹4,749",,3.1,125 Ratings & 12 Reviews
"I Kall Z15 (Green, 64 GB)","₹7,124",,3,79 Ratings & 6 Reviews
"realme 9 5G (Supersonic Blue, 128 GB)","₹14,999","₹20,999",4.5,"27,171 Ratings & 1,727 Reviews"
Motorola a70,"₹1,999","₹2,320",4.1,"1,146 Ratings & 126 Reviews"
Motorola a70,"₹1,999","₹2,320",4,526 Ratings & 62 Reviews
"MOTOROLA G62 5G (Frosted Blue, 128 GB)","₹15,999","₹21,999",4.1,"2,186 Ratings & 221 Reviews"
"I Kall Z11 PRO (Grey, 64 GB)","₹6,934",,,
"IKall Z12 PRO (SKY colored, 64 GB)","₹6,899",,3.6,9 Ratings & 0 Reviews
"MOTOROLA G62 5G (Midnight Gray, 128 GB)","₹15,999","₹21,999",4.1,"2,186 Ratings & 221 Reviews"
"realme C30s (Stripe Black, 64 GB)","₹8,999","₹11,999",4.2,347 Ratings & 24 Reviews
"I Kall Z3 (Aquamarine, 64 GB)","₹6,649",,3,920 Ratings & 87 Reviews
"I Kall Z12 (SKY BLUE, 64 GB)","₹6,934",,2.5,49 Ratings & 4 Reviews
"realme C30s (Stripe Blue, 64 GB)","₹8,999","₹11,999",4.2,347 Ratings & 24 Reviews
"realme C30s (Stripe Blue, 32 GB)","₹7,499","₹9,999",4.4,480 Ratings & 17 Reviews
"vivo Y15s (Mystic Blue, 32 GB)","₹9,499","₹13,990",4.3,"2,708 Ratings & 205 Reviews"
"realme C30s (Stripe Black, 32 GB)","₹7,499","₹9,999",4.4,480 Ratings & 17 Reviews
,,,,
,,,,
"I Kall K475 (Gold, 64 GB)","₹6,649",,3,224 Ratings & 24 Reviews
"I Kall Z15 (SKY Blue, 64 GB)","₹7,124",,3,79 Ratings & 6 Reviews
"SAMSUNG GALAXY M13 (Midnight Blue, 128 GB)","₹12,349",,4.2,23 Ratings & 4 Reviews
"POCO F4 5G (Night Black, 128 GB)","₹23,499","₹32,999",4.3,"8,485 Ratings & 1,246 Reviews"
"I Kall K525 (Tarnish, 64 GB)","₹7,399","₹7,499",3.3,379 Ratings & 26 Reviews
"I Kall Z2 (Dark Blue, 16 GB)","₹4,749",,3.1,125 Ratings & 12 Reviews
"MOTOROLA Edge 20 Fusion 5G (Cyber Teal, 128 GB)","₹18,999","₹24,999",4,"17,660 Ratings & 2,418 Reviews"
"APPLE iPhone 12 Mini (Black, 64 GB)","₹39,490","₹59,900",4.5,"1,11,706 Ratings & 8,956 Reviews"
"POCO F4 5G (Night Black, 128 GB)","₹25,499","₹34,999",4.3,"3,054 Ratings & 446 Reviews"
"realme 9 (Sunburst Gold, 128 GB)","₹16,999","₹20,999",4.4,"38,149 Ratings & 2,735 Reviews"
"I Kall Z15 (Green, 64 GB)","₹7,124",,3,79 Ratings & 6 Reviews
"I Kall Z11 PRO (Grey, 64 GB)","₹6,934",,,
"OPPO A74 5G BLACK (Fluid Black, 128 GB)","₹16,990","₹17,499",4.3,"1,632 Ratings & 129 Reviews"
Nokia 105 DS 2020,"₹1,690",,4.2,"26,922 Ratings & 2,041 Reviews"
"IKall Z12 PRO (SKY colored, 64 GB)","₹6,899",,3.6,9 Ratings & 0 Reviews
I Kall K43 PRO,₹899,,,
Nokia 5310ds,"₹3,659",,4.1,"7,268 Ratings & 525 Reviews"
LAVA Flip,"₹1,829",,4.1,"12,558 Ratings & 1,218 Reviews"
"Infinix Note 11 (Graphite Black, 64 GB)","₹9,999","₹14,999",4.3,"36,324 Ratings & 4,412 Reviews"
"Infinix Note 11 (Glacier Green, 64 GB)","₹9,999","₹14,999",4.3,"36,324 Ratings & 4,412 Reviews"
"I Kall Z3 (Aquamarine, 64 GB)","₹6,649",,3,920 Ratings & 87 Reviews
"I Kall Z12 (SKY BLUE, 64 GB)","₹6,934",,2.5,49 Ratings & 4 Reviews
"vivo Y35 (Agate Black, 128 GB)","₹18,499","₹22,999",4.5,312 Ratings & 21 Reviews
"SAMSUNG GALAXY M13 (Stardust Brown, 64 GB)","₹9,971",,4.2,266 Ratings & 16 Reviews
,,,,
,,,,
"I Kall K475 (Gold, 64 GB)","₹6,649",,3,224 Ratings & 24 Reviews
"I Kall Z15 (SKY Blue, 64 GB)","₹7,124",,3,79 Ratings & 6 Reviews
"REDMI 11 Prime 5G (Thunder Black, 128 GB)","₹15,567",,4.1,22 Ratings & 6 Reviews
Nokia 125 DS 2020,"₹2,399",,3.9,"5,496 Ratings & 380 Reviews"
"OnePlus Nord CE 2 Lite 5G (Black Dusk, 128 GB)","₹19,979",,4.4,"24,044 Ratings & 2,135 Reviews"
"APPLE iPhone 13 (Blue, 256 GB)","₹67,990","₹79,900",4.7,"1,15,677 Ratings & 6,100 Reviews"
"I Kall Z2 (Dark Blue, 16 GB)","₹4,749",,3.1,125 Ratings & 12 Reviews
"I Kall Z15 (Green, 64 GB)","₹7,124",,3,79 Ratings & 6 Reviews
"REDMI Note 10T 5G (Graphite Black, 64 GB)","₹12,999","₹16,999",4.3,"39,379 Ratings & 2,803 Reviews"
Motorola a10,"₹1,399","₹1,630",4.1,"4,005 Ratings & 486 Reviews"
"I Kall Z11 PRO (Grey, 64 GB)","₹6,934",,,
"IKall Z12 PRO (SKY colored, 64 GB)","₹6,899",,3.6,9 Ratings & 0 Reviews
"REDMI 9 Activ (Carbon Black, 128 GB)","₹10,499","₹12,999",4.2,"3,195 Ratings & 214 Reviews"
LAVA Hero 600+,₹900,₹999,4.1,"7,545 Ratings & 695 Reviews"
LAVA Hero 600+,₹900,₹999,4.1,"7,545 Ratings & 695 Reviews"
LAVA A1 2021,"₹1,129",,4.1,"1,718 Ratings & 159 Reviews"
"I Kall Z3 (Aquamarine, 64 GB)","₹6,649",,3,920 Ratings & 87 Reviews
I Kall K43 PRO,₹899,,,
LAVA A1 2021,"₹1,087","₹1,279",4.1,"3,315 Ratings & 309 Reviews"
DIZO Star 500,"₹1,999",,4,"10,423 Ratings & 1,281 Reviews"
"I Kall Z12 (SKY BLUE, 64 GB)","₹6,934",,2.5,49 Ratings & 4 Reviews
"I Kall Z9 (Green, 32 GB)","₹5,224",,2.9,118 Ratings & 14 Reviews
DIZO Star 500,"₹1,680",,4,"10,423 Ratings & 1,281 Reviews"
"REDMI 10 (Pacific Blue, 128 GB)","₹12,499","₹16,999",4.2,"16,345 Ratings & 1,262 Reviews"
,,,,
,,,,
"realme 9 Pro 5G (Aurora Green, 128 GB)","₹20,999","₹23,999",4.3,"10,368 Ratings & 830 Reviews"
"Infinix Hot 12 Pro (Electric Blue, 64 GB)","₹9,499","₹13,999",4.3,"2,329 Ratings & 123 Reviews"
"I Kall K525 (Tarnish, 64 GB)","₹7,399","₹7,499",3.3,379 Ratings & 26 Reviews
"SAMSUNG Galaxy M32 (Light Blue, 64 GB)","₹12,135",,4.2,"3,487 Ratings & 357 Reviews"
"REDMI A1 (Light Green, 32 GB)","₹6,341",,4.1,77 Ratings & 4 Reviews
"REDMI A1 (Light Blue, 32 GB)","₹6,425",,4.1,77 Ratings & 4 Reviews
LAVA Hero Punch,₹900,"₹1,249",4.1,"1,121 Ratings & 85 Reviews"
LAVA Hero Punch,₹900,"₹1,249",4.1,"1,121 Ratings & 85 Reviews"
"Tecno Spark 9 (Sky Mirror, 128 GB)","₹9,600",,4,169 Ratings & 7 Reviews
"Tecno Spark 9 (Sky Mirror, 64 GB)","₹8,799",,4.3,23 Ratings & 1 Reviews
"Tecno Spark 9 (Infinity Black, 64 GB)","₹8,799",,4.3,23 Ratings & 1 Reviews
Nokia 105 PLUS,"₹1,449","₹1,899",4.1,"2,417 Ratings & 179 Reviews"
"MOTOROLA g52 (Charcoal Grey, 64 GB)","₹12,999","₹17,999",4.1,"6,170 Ratings & 808 Reviews"
"REDMI 10 (Midnight Black, 128 GB)","₹12,499","₹16,999",4.2,"16,345 Ratings & 1,262 Reviews"
"OPPO Reno8 5G (Shimmer Black, 128 GB)","₹29,999","₹38,999",4.3,"23,308 Ratings & 3,207 Reviews"
Itel IT2163,"₹1,049","₹1,099",4.1,"12,100 Ratings & 1,019 Reviews"
"OPPO Reno8 5G (Shimmer Gold, 128 GB)","₹29,999","₹38,999",4.3,"23,308 Ratings & 3,207 Reviews"
"REDMI K50i 5G (Phantom Blue, 128 GB)","₹22,800",,4.1,153 Ratings & 20 Reviews
Itel IT2163,"₹1,049","₹1,099",4.1,"12,100 Ratings & 1,019 Reviews"
"REDMI 10 Prime (Phantom Black, 64 GB)","₹11,247",,4.2,"10,162 Ratings & 759 Reviews"
"realme C31 (Light Silver, 64 GB)","₹9,999","₹11,999",4.4,"42,888 Ratings & 2,058 Reviews"
"realme GT 2 (Paper White, 256 GB)","₹44,999",,4.3,863 Ratings & 122 Reviews
"POCO M5 (Power Black, 64 GB)","₹12,499","₹15,999",4.4,436 Ratings & 37 Reviews
Nokia 105 TA-1416 DS,"₹1,484",,4.1,"2,811 Ratings & 203 Reviews"
,,,,
,,,,
"SAMSUNG Galaxy M33 5G (Deep Ocean Blue, 128 GB)","₹17,397",,4.3,235 Ratings & 14 Reviews
"SAMSUNG Galaxy M33 5G (Mystique Green, 128 GB)","₹17,478","₹25,999",4.3,235 Ratings & 14 Reviews
"I Kall K475 (Gold, 64 GB)","₹6,649",,3,224 Ratings & 24 Reviews
"I Kall Z15 (SKY Blue, 64 GB)","₹7,124",,3,79 Ratings & 6 Reviews
"POCO M5 (Power Black, 64 GB)","₹12,499","₹15,999",4.4,436 Ratings & 37 Reviews
"realme Narzo 50A (Oxygen Green, 64 GB)","₹11,499","₹12,999",4.4,"3,31,864 Ratings & 21,820 Reviews"
"realme Narzo 50A (Oxygen Blue, 64 GB)","₹11,499","₹12,999",4.4,"3,31,864 Ratings & 21,820 Reviews"
"MOTOROLA g22 (Mint Green, 64 GB)","₹9,999","₹13,999",3.7,"20,237 Ratings & 2,529 Reviews"
"I Kall Z2 (Dark Blue, 16 GB)","₹4,749",,3.1,125 Ratings & 12 Reviews
"I Kall Z15 (Green, 64 GB)","₹7,124",,3,79 Ratings & 6 Reviews
"SAMSUNG Galaxy S22 Plus 5G (Green, 128 GB)","₹69,999","₹1,01,999",4.6,904 Ratings & 98 Reviews
"SAMSUNG Galaxy F23 5G (Forest Green, 128 GB)","₹12,999","₹22,999",4.2,"21,128 Ratings & 1,670 Reviews"
"I Kall Z11 PRO (Grey, 64 GB)","₹6,934",,,
"IKall Z12 PRO (SKY colored, 64 GB)","₹6,899",,3.6,9 Ratings & 0 Reviews
"REDMI 9i (Midnight Black, 64 GB)","₹8,999","₹9,999",4.3,"5,71,958 Ratings & 33,909 Reviews"
"REDMI 10 Prime (Bifrost Blue, 128 GB)","₹13,499","₹16,999",4.2,"5,513 Ratings & 408 Reviews"
"Redmi Note 11 (Starburst White, 128 GB)","₹15,340","₹16,285",4.2,"6,526 Ratings & 549 Reviews"
Nokia 105 TA-1416 DS,"₹1,484",,4.1,"2,811 Ratings & 203 Reviews"
"I Kall Z3 (Aquamarine, 64 GB)","₹6,649",,3,920 Ratings & 87 Reviews
I Kall K43 PRO,₹899,,,
"MOTOROLA Edge 30 Fusion (Cosmic grey, 128 GB)","₹42,999","₹49,999",4.4,672 Ratings & 122 Reviews
"MOTOROLA Edge 30 (Aurora Green, 128 GB)","₹26,999","₹34,999",4.2,"2,175 Ratings & 345 Reviews"
"I Kall Z12 (SKY BLUE, 64 GB)","₹6,934",,2.5,49 Ratings & 4 Reviews
"I Kall Z9 (Green, 32 GB)","₹5,224",,2.9,118 Ratings & 14 Reviews
,,,,
,,,,
"REDMI Note 10S (Cosmic Purple, 64 GB)","₹12,499","₹16,999",4.4,"76,314 Ratings & 5,173 Reviews"
"realme C25Y (Metal Grey, 64 GB)","₹8,999","₹12,999",4.4,"1,36,394 Ratings & 5,899 Reviews"
"APPLE iPhone 12 Mini (White, 128 GB)","₹46,490","₹64,900",4.5,"1,11,706 Ratings & 8,956 Reviews"
"REDMI Note 11s (Space Black, 128 GB)","₹16,990",,4.1,492 Ratings & 48 Reviews
"I Kall K475 (Gold, 64 GB)","₹6,649",,3,224 Ratings & 24 Reviews
"I Kall Z15 (SKY Blue, 64 GB)","₹7,124",,3,79 Ratings & 6 Reviews
"Redmi 9A Sport (Carbon Black, 32 GB)","₹7,547","₹8,190",4.2,"5,029 Ratings & 391 Reviews"
"Redmi 9A Sport (Coral Green, 32 GB)","₹6,675","₹6,989",4.2,"19,939 Ratings & 1,555 Reviews"
"I Kall K525 (Tarnish, 64 GB)","₹7,399","₹7,499",3.3,379 Ratings & 26 Reviews
"I Kall Z2 (Dark Blue, 16 GB)","₹4,749",,3.1,125 Ratings & 12 Reviews
Kechaoda K112,"₹1,648",,4,"18,112 Ratings & 1,945 Reviews"
BlackZone ECO X,"₹1,380","₹1,470",4,"7,334 Ratings & 487 Reviews"
BlackZone ECO X,"₹1,439","₹1,470",4,"7,334 Ratings & 487 Reviews"
"Tecno Pova Neo (Geek Blue, 128 GB)","₹10,933","₹12,499",4.1,392 Ratings & 27 Reviews
"I Kall Z15 (Green, 64 GB)","₹7,124",,3,79 Ratings & 6 Reviews
"I Kall Z11 PRO (Grey, 64 GB)","₹6,934",,,
"Tecno Pop 5 LTE (Deepsea Luster, 32 GB)","₹6,547",,4.2,377 Ratings & 26 Reviews
"Tecno Pop 5 LTE (Ice Blue, 32 GB)","₹6,587",,4.2,377 Ratings & 26 Reviews
"IKall Z12 PRO (SKY colored, 64 GB)","₹6,899",,3.6,9 Ratings & 0 Reviews
I Kall K43 PRO,₹899,,,
"Tecno Pop 5 LTE (Turquoise Cyan, 32 GB)","₹6,548",,4.2,377 Ratings & 26 Reviews
"Infinix Note 11 (Glacier Green, 128 GB)","₹11,999","₹16,999",4.2,"8,976 Ratings & 1,092 Reviews"
"Infinix Hot 11 2022 (Sunset Gold, 64 GB)","₹8,999","₹12,999",4.2,"11,072 Ratings & 939 Reviews"
"Infinix Note 11 (Celestial Snow, 64 GB)","₹9,999","₹14,999",4.3,"36,324 Ratings & 4,412 Reviews"
,,,,
,,,,
"REDMI Note 11S (Space Black, 64 GB)","₹14,599","₹16,590",4.2,"1,215 Ratings & 110 Reviews"
Kechaoda K115,"₹1,249",,4.1,"27,457 Ratings & 2,161 Reviews"
KARBONN KX3,₹999,,3.9,"7,755 Ratings & 609 Reviews"
Kechaoda K115,"₹1,249",,4.1,"27,457 Ratings & 2,161 Reviews"
"APPLE iPhone 12 Mini (Black, 128 GB)","₹46,490","₹64,900",4.5,"1,11,706 Ratings & 8,956 Reviews"
"OnePlus Nord CE 2 Lite 5G (Blue Tide, 128 GB)","₹19,989",,4.4,"24,044 Ratings & 2,135 Reviews"
"realme 9 Pro 5G (Midnight Black, 128 GB)","₹20,999","₹23,999",4.3,"10,368 Ratings & 830 Reviews"
"REDMI 11 Prime 5G (Meadow Green, 64 GB)","₹13,045",,4.4,50 Ratings & 4 Reviews
"REDMI 11 Prime 5G (Thunder Black, 64 GB)","₹13,177",,4.4,50 Ratings & 4 Reviews
"REDMI 11 Prime 5G (Chrome Silver, 64 GB)","₹12,935",,4.4,50 Ratings & 4 Reviews
"REDMI 11 Prime 5G (Chrome Silver, 128 GB)","₹16,840",,4.1,22 Ratings & 6 Reviews
"SAMSUNG Galaxy Z Flip3 5G (Phantom Black, 128 GB)","₹69,999","₹95,999",4.4,258 Ratings & 30 Reviews
LAVA A1 2021,"₹1,087","₹1,279",4.1,"3,315 Ratings & 309 Reviews"
"MOTOROLA g82 5G(White Lily, 128 GB)","₹19,999","₹23,999",4.1,"2,745 Ratings & 398 Reviews"
"REDMI Note 11 Pro (Stealth Black, 128 GB)","₹20,250","₹21,650",4.2,468 Ratings & 36 Reviews
Micromax X378,"₹1,499",,3.9,"12,258 Ratings & 1,038 Reviews"
Kechaoda K55,"₹1,250",,3.9,85 Ratings & 6 Reviews
Kechaoda K55,"₹1,135",,3.9,85 Ratings & 6 Reviews
Itel Ace 2,₹995,,4,484 Ratings & 49 Reviews
"realme 9 (Stargaze White, 128 GB)","₹17,999","₹22,999",4.4,"12,957 Ratings & 999 Reviews"
"realme 9 (Meteor Black, 128 GB)","₹17,999","₹22,999",4.4,"12,957 Ratings & 999 Reviews"
Kechaoda K115,"₹1,155",,4.1,"27,457 Ratings & 2,161 Reviews"
BlackZone B310,₹859,,3.8,"3,001 Ratings & 243 Reviews"
"IQOO Z6 5G (Dynamo Black, 128 GB)","₹17,399","₹20,990",4.1,203 Ratings & 13 Reviews
,,,,
,,,,
"I Kall K475 (Gold, 64 GB)","₹6,649",,3,224 Ratings & 24 Reviews
"I Kall Z15 (SKY Blue, 64 GB)","₹7,124",,3,79 Ratings & 6 Reviews
Itel Ace 2,₹995,,4,484 Ratings & 49 Reviews
"realme 9 (Meteor Black, 128 GB)","₹17,999","₹22,999",4.4,"12,957 Ratings & 999 Reviews"
"REDMI A1 (Black, 32 GB)","₹6,365",,4.1,77 Ratings & 4 Reviews
"IQOO Z6 5G (Dynamo Black, 128 GB)","₹17,399","₹20,990",4.1,203 Ratings & 13 Reviews
"I Kall K525 (Tarnish, 64 GB)","₹7,399","₹7,499",3.3,379 Ratings & 26 Reviews
"I Kall Z2 (Dark Blue, 16 GB)","₹4,749",,3.1,125 Ratings & 12 Reviews
Itel it2175,"₹1,095","₹1,499",4.1,168 Ratings & 21 Reviews
"realme Narzo 50A (Oxygen Blue, 128 GB)","₹10,099","₹13,999",4.4,"3,31,864 Ratings & 21,820 Reviews"
"I Kall Z15 (Green, 64 GB)","₹7,124",,3,79 Ratings & 6 Reviews
"I Kall Z11 PRO (Grey, 64 GB)","₹6,934",,,
"SAMSUNG Galaxy F12 (Sky Blue, 64 GB)","₹10,499","₹12,999",4.3,"2,93,542 Ratings & 23,367 Reviews"
KARBONN Jumbo K9,"₹1,320","₹1,330",4,"12,252 Ratings & 1,261 Reviews"
"Redmi Note 11 (Horizon Blue, 64 GB)","₹11,570","₹12,890",4.2,"6,632 Ratings & 640 Reviews"
Nokia 105 PLUS,"₹1,449","₹1,899",4.1,"2,417 Ratings & 179 Reviews"
"IKall Z12 PRO (SKY colored, 64 GB)","₹6,899",,3.6,9 Ratings & 0 Reviews
I Kall K43 PRO,₹899,,,
"Redmi Note 11 (Horizon Blue, 128 GB)","₹14,490",,4.2,"6,526 Ratings & 549 Reviews"
"POCO C3 (Lime Green, 32 GB)","₹8,499","₹9,999",4.3,"3,96,395 Ratings & 26,549 Reviews"
"I Kall Z3 (Aquamarine, 64 GB)","₹6,649",,3,920 Ratings & 87 Reviews
"I Kall Z12 (SKY BLUE, 64 GB)","₹6,934",,2.5,49 Ratings & 4 Reviews
"vivo Y01 (Elegant Black, 32 GB)","₹7,999","₹12,999",4.2,564 Ratings & 36 Reviews
"vivo Y01 (Sapphire Blue, 32 GB)","₹7,999","₹12,999",4.2,564 Ratings & 36 Reviews
,,,,
,,,,
"OPPO F19 Pro (Fantastic Purple, 256 GB)","₹18,990","₹25,990",4.3,"8,914 Ratings & 732 Reviews"
"OPPO F19 Pro (Fantastic Purple, 128 GB)","₹19,490",,4.3,"8,914 Ratings & 732 Reviews"
"I Kall K475 (Gold, 64 GB)","₹6,649",,3,224 Ratings & 24 Reviews
"I Kall Z15 (SKY Blue, 64 GB)","₹7,124",,3,79 Ratings & 6 Reviews
Micromax X415,₹998,,3.9,791 Ratings & 60 Reviews
Kechaoda K115,"₹1,133",,4.1,"27,457 Ratings & 2,161 Reviews"
"I Kall Z2 (Dark Blue, 16 GB)","₹4,749",,3.1,125 Ratings & 12 Reviews
"I Kall Z15 (Green, 64 GB)","₹7,124",,3,79 Ratings & 6 Reviews
Kechaoda K115,"₹1,135","₹1,220",4.1,"27,457 Ratings & 2,161 Reviews"
"Itel A23 Pro (Saphire Blue, 8 GB)","₹3,999",,3.6,"4,268 Ratings & 355 Reviews"
"SAMSUNG Galaxy S22 Plus 5G (Phantom Black, 128 GB)","₹69,999","₹1,01,999",4.6,904 Ratings & 98 Reviews
"SAMSUNG GALAXY M13 5G (Midnight Blue, 64 GB)","₹10,990",,4,40 Ratings & 0 Reviews
"I Kall Z11 PRO (Grey, 64 GB)","₹6,934",,,
"IKall Z12 PRO (SKY colored, 64 GB)","₹6,899",,3.6,9 Ratings & 0 Reviews
"REDMI Note 11T 5G (Matte black, 128 GB)","₹15,990","₹17,749",4.2,"4,073 Ratings & 333 Reviews"
"SAMSUNG S20FE 5G (Cloud Mint, 128 GB)","₹29,499",,3.7,3 Ratings & 0 Reviews
"I Kall Z3 (Aquamarine, 64 GB)","₹6,649",,3,920 Ratings & 87 Reviews
I Kall K43 PRO,₹899,,,
"SAMSUNG M53 5G (Deep Ocean Blue, 128 GB)","₹24,900",,4.4,20 Ratings & 1 Reviews
"Infinix Note 12 TURBO (Jewel Blue, 128 GB)","₹13,999","₹19,999",4.2,"5,517 Ratings & 747 Reviews"
"OnePlus Nord CE 2 Lite 5G (Black Dusk, 128 GB)","₹19,965",,4.4,"24,044 Ratings & 2,135 Reviews"
"Infinix Note 11s (Haze Green, 64 GB)","₹11,999","₹16,999",4.3,"11,095 Ratings & 1,496 Reviews"
"I Kall Z12 (SKY BLUE, 64 GB)","₹6,934",,2.5,49 Ratings & 4 Reviews
"I Kall Z14 (Grey, 64 GB)","₹7,124",,3,73 Ratings & 1 Reviews
,,,,
,,,,
"Infinix Note 11 (Celestial Snow, 128 GB)","₹11,999","₹16,999",4.2,"8,976 Ratings & 1,092 Reviews"
"Infinix Note 11 (Graphite Black, 128 GB)","₹11,999","₹16,999",4.2,"8,976 Ratings & 1,092 Reviews"
"I Kall K475 (Gold, 64 GB)","₹6,649",,3,224 Ratings & 24 Reviews
"I Kall Z15 (SKY Blue, 64 GB)","₹7,124",,3,79 Ratings & 6 Reviews
"realme C11 (Rich Grey, 32 GB)","₹4,999","₹8,999",4.4,"4,57,718 Ratings & 29,538 Reviews"
LAVA Flip,"₹1,911","₹2,099",4.1,"12,558 Ratings & 1,218 Reviews"
Micromax X818,"₹1,469",,3.9,"1,144 Ratings & 103 Reviews"
Nokia 125 TA-1253 DS,"₹2,390",,4,"2,561 Ratings & 180 Reviews"
"I Kall K525 (Tarnish, 64 GB)","₹7,399","₹7,499",3.3,379 Ratings & 26 Reviews
"I Kall Z2 (Dark Blue, 16 GB)","₹4,749",,3.1,125 Ratings & 12 Reviews
Kechaoda K66 The Music House 4,"₹1,140",,3.9,"14,086 Ratings & 1,122 Reviews"
"Xiaomi 11i Hypercharge 5G (Stealth Black, 128 GB)","₹26,999","₹33,999",4.2,"5,183 Ratings & 616 Reviews"
"I Kall Z15 (Green, 64 GB)","₹7,124",,3,79 Ratings & 6 Reviews
"I Kall Z11 PRO (Grey, 64 GB)","₹6,934",,,
SAMSUNG Guru 1200,"₹1,680",,4.1,"6,482 Ratings & 477 Reviews"
Itel it2163S,₹989,₹999,4,286 Ratings & 28 Reviews
LAVA A5,"₹1,439",,4.1,"11,901 Ratings & 1,136 Reviews"
"REDMI Note 11S (Space Black, 128 GB)","₹15,499",,4.2,"1,215 Ratings & 110 Reviews"
"IKall Z12 PRO (SKY colored, 64 GB)","₹6,899",,3.6,9 Ratings & 0 Reviews
I Kall K43 PRO,₹899,,,
"MOTOROLA g82 5G (White Lily, 128 GB)","₹21,499","₹25,999",4,"1,683 Ratings & 220 Reviews"
"IQOO Z6 Pro 5G (Phantom Dusk, 128 GB)","₹23,499",,4.2,144 Ratings & 5 Reviews
"I Kall Z3 (Aquamarine, 64 GB)","₹6,649",,3,920 Ratings & 87 Reviews
"I Kall Z12 (SKY BLUE, 64 GB)","₹6,934",,2.5,49 Ratings & 4 Reviews
,,,,
,,,,
"Redmi Note 11 (Starburst White, 64 GB)","₹12,789","₹15,395",4.2,"6,526 Ratings & 549 Reviews"
"REDMI Note 11S (Polar White, 64 GB)","₹16,899","₹16,949",4.2,"1,215 Ratings & 110 Reviews"
"Redmi Note 11 (Space Black, 64 GB)","₹12,727","₹13,847",4.2,"6,526 Ratings & 549 Reviews"
"Redmi Note 11 (Horizon Blue, 64 GB)","₹12,849",,4.2,"6,526 Ratings & 549 Reviews"
"I Kall K475 (Gold, 64 GB)","₹6,649",,3,224 Ratings & 24 Reviews
"I Kall Z15 (SKY Blue, 64 GB)","₹7,124",,3,79 Ratings & 6 Reviews
KARBONN K9,"₹1,325","₹1,349",4.1,"7,367 Ratings & 632 Reviews"
Itel Power 110,"₹1,325","₹1,389",4.1,626 Ratings & 43 Reviews
"I Kall Z2 (Dark Blue, 16 GB)","₹4,749",,3.1,125 Ratings & 12 Reviews
"I Kall Z15 (Green, 64 GB)","₹7,124",,3,79 Ratings & 6 Reviews
"Infinix Hot 11 2022 (Aurora Green, 64 GB)","₹8,999","₹12,999",4.2,"11,072 Ratings & 939 Reviews"
"Infinix Note 12 TURBO (Force Black, 128 GB)","₹13,999","₹19,999",4.2,"5,517 Ratings & 747 Reviews"
"Infinix Note 12 TURBO (Snowfall, 128 GB)","₹13,999","₹19,999",4.2,"5,517 Ratings & 747 Reviews"
GREENBERRI F1,"₹1,399","₹1,499",3.9,"1,245 Ratings & 91 Reviews"
"I Kall Z11 PRO (Grey, 64 GB)","₹6,934",,,
"IKall Z12 PRO (SKY colored, 64 GB)","₹6,899",,3.6,9 Ratings & 0 Reviews
"Itel A27 (Deep Grey, 32 GB)","₹5,179","₹5,649",4,468 Ratings & 37 Reviews
GREENBERRI F1,"₹1,399","₹1,499",3.9,"1,245 Ratings & 91 Reviews"
I Kall K43 PRO,₹899,,,
"I Kall Z3 (Aquamarine, 64 GB)","₹6,649",,3,920 Ratings & 87 Reviews
"Tecno Pova 3 (Eco Black, 64 GB)","₹12,888",,4.3,34 Ratings & 2 Reviews
"OnePlus 10R 5G (Prime Blue, 128 GB)","₹35,900",,4.4,907 Ratings & 82 Reviews
"SAMSUNG M53 5G (Emerald Brown, 128 GB)","₹22,688",,4.3,66 Ratings & 8 Reviews
"POCO F4 5G (Nebula Green, 128 GB)","₹23,499","₹32,999",4.3,"8,485 Ratings & 1,246 Reviews"
,,,,
,,,,
"I Kall K475 (Gold, 64 GB)","₹6,649",,3,224 Ratings & 24 Reviews
"I Kall Z15 (SKY Blue, 64 GB)","₹7,124",,3,79 Ratings & 6 Reviews
Micromax X378,"₹1,299",,3.9,"12,258 Ratings & 1,038 Reviews"
"Micromax IN Note 1 (Green, 64 GB)","₹10,440","₹10,990",4.1,"48,317 Ratings & 8,100 Reviews"
"I Kall Z2 (Dark Blue, 16 GB)","₹4,749",,3.1,125 Ratings & 12 Reviews
"I Kall Z15 (Green, 64 GB)","₹7,124",,3,79 Ratings & 6 Reviews
Itel Power 410,"₹1,699",,4.1,"1,414 Ratings & 132 Reviews"
"SAMSUNG Galaxy A23 (Black, 128 GB)","₹17,499","₹23,990",4.2,484 Ratings & 37 Reviews
"realme GT 2 (Steel Black, 256 GB)","₹44,999",,4.3,863 Ratings & 122 Reviews
Micromax X416,₹995,₹999,4,393 Ratings & 43 Reviews
"I Kall Z11 PRO (Grey, 64 GB)","₹6,934",,,
"IKall Z12 PRO (SKY colored, 64 GB)","₹6,899",,3.6,9 Ratings & 0 Reviews
"Redmi Note 11 (Space Black, 64 GB)","₹11,498",,4.2,"6,632 Ratings & 640 Reviews"
Kechaoda K33,"₹1,149",,4,"7,864 Ratings & 530 Reviews"
I Kall K43 PRO,₹899,,,
"I Kall Z3 (Aquamarine, 64 GB)","₹6,649",,3,920 Ratings & 87 Reviews
"Xiaomi 11Lite NE (Vinyl Black, 128 GB)","₹23,579","₹24,298",4.2,"1,259 Ratings & 136 Reviews"
Micromax X702,"₹1,148",,3.6,140 Ratings & 11 Reviews
"OPPO A15S (Rainbow Silver, 64 GB)","₹10,989","₹12,989",4.4,"5,042 Ratings & 277 Reviews"
"Infinix Smart 5A (Midnight Black, 32 GB)","₹7,199","₹7,999",4.3,"76,877 Ratings & 5,292 Reviews"
"I Kall Z12 (SKY BLUE, 64 GB)","₹6,934",,2.5,49 Ratings & 4 Reviews
"I Kall Z9 (Green, 32 GB)","₹5,224",,2.9,118 Ratings & 14 Reviews
"Infinix Smart 5A (Quetzal Cyan, 32 GB)","₹7,199","₹7,999",4.3,"76,877 Ratings & 5,292 Reviews"
"Infinix Smart 5A (Ocean Wave, 32 GB)","₹7,199","₹7,999",4.3,"76,877 Ratings & 5,292 Reviews"
,,,,
,,,,
"I Kall K475 (Gold, 64 GB)","₹6,649",,3,224 Ratings & 24 Reviews
"I Kall Z15 (SKY Blue, 64 GB)","₹7,124",,3,79 Ratings & 6 Reviews
"realme 9 Pro+ 5G (Midnight Black, 128 GB)","₹24,999","₹27,999",4.4,"27,032 Ratings & 3,287 Reviews"
"Redmi Note 11 PRO Plus 5G (Stealth Black, 128 GB)","₹19,890","₹20,749",4.2,"3,140 Ratings & 287 Reviews"
"APPLE iPhone 13 (Pink, 256 GB)","₹68,990","₹79,900",4.7,"1,15,677 Ratings & 6,100 Reviews"
"vivo Y21T (Pearl White, 128 GB)","₹15,499","₹19,990",4.4,"1,297 Ratings & 93 Reviews"
"I Kall K525 (Tarnish, 64 GB)","₹7,399","₹7,499",3.3,379 Ratings & 26 Reviews
"I Kall Z2 (Dark Blue, 16 GB)","₹4,749",,3.1,125 Ratings & 12 Reviews
SAMSUNG Guru GT,"₹1,699","₹1,849",4.1,"2,472 Ratings & 163 Reviews"
Itel Power 100 New,"₹1,380",,4.2,649 Ratings & 45 Reviews
"I Kall Z15 (Green, 64 GB)","₹7,124",,3,79 Ratings & 6 Reviews
"I Kall Z11 PRO (Grey, 64 GB)","₹6,934",,,
Kechaoda A26,"₹1,064","₹1,190",4.1,"12,947 Ratings & 961 Reviews"
Kechaoda A26,"₹1,074","₹1,190",4.1,"12,947 Ratings & 961 Reviews"
Kechaoda A26,"₹1,074","₹1,190",4.1,"12,947 Ratings & 961 Reviews"
Itel Ace 2N,₹895,,4.1,148 Ratings & 8 Reviews
"IKall Z12 PRO (SKY colored, 64 GB)","₹6,899",,3.6,9 Ratings & 0 Reviews
I Kall K43 PRO,₹899,,,
"Infinix Note 11s (Mithril Grey, 64 GB)","₹11,999","₹16,999",4.3,"11,095 Ratings & 1,496 Reviews"
"MOTOROLA e32s (Misty Silver, 32 GB)","₹8,999",,3.6,73 Ratings & 15 Reviews
"I Kall Z3 (Aquamarine, 64 GB)","₹6,649",,3,920 Ratings & 87 Reviews
"I Kall Z12 (SKY BLUE, 64 GB)","₹6,934",,2.5,49 Ratings & 4 Reviews
"SAMSUNG Galaxy F12 (Sky Blue, 128 GB)","₹11,499","₹13,999",4.3,"2,93,542 Ratings & 23,367 Reviews"
"REDMI Note 11S (Space Black, 128 GB)","₹14,518",,4.2,"1,215 Ratings & 110 Reviews"
,,,,
,,,,
"SAMSUNG GALAXY M13 5G (?Stardust Brown, 128 GB)","₹14,889",,4.2,41 Ratings & 5 Reviews
"Infinix Hot 11 (Emerald Green, 64 GB)","₹8,999","₹11,999",4.3,"15,519 Ratings & 1,340 Reviews"
"I Kall K475 (Gold, 64 GB)","₹6,649",,3,224 Ratings & 24 Reviews
"I Kall Z15 (SKY Blue, 64 GB)","₹7,124",,3,79 Ratings & 6 Reviews
"OPPO A16E (Midnight Black, 64 GB)","₹9,999","₹15,990",4.2,822 Ratings & 43 Reviews
"OPPO A16E (Midnight Black, 32 GB)","₹9,490","₹13,990",4.2,294 Ratings & 11 Reviews
"I Kall K525 (Tarnish, 64 GB)","₹7,399","₹7,499",3.3,379 Ratings & 26 Reviews
"I Kall Z2 (Dark Blue, 16 GB)","₹4,749",,3.1,125 Ratings & 12 Reviews
"vivo Y21A (Midnight Blue, 64 GB)","₹12,989","₹17,990",4.3,"1,705 Ratings & 131 Reviews"
LAVA A7 Star,"₹1,529","₹1,849",4.2,111 Ratings & 14 Reviews
"Infinix Note 11s Free Fire Edition (Symphony Cyan, 128 GB)","₹13,999","₹18,999",4.3,"6,526 Ratings & 889 Reviews"
"IQOO Z6 5G (dynamo black, 128 GB)","₹16,990",,3.8,160 Ratings & 20 Reviews
"I Kall Z15 (Green, 64 GB)","₹7,124",,3,79 Ratings & 6 Reviews
"I Kall Z11 PRO (Grey, 64 GB)","₹6,934",,,
"REDMI 10 Prime (Astral White, 64 GB)","₹11,142","₹11,769",4.2,"10,162 Ratings & 759 Reviews"
Kechaoda K66 The Music House 4,"₹1,290",,3.9,"14,086 Ratings & 1,122 Reviews"
"IKall Z12 PRO (SKY colored, 64 GB)","₹6,899",,3.6,9 Ratings & 0 Reviews
I Kall K43 PRO,₹899,,,
"SAMSUNG GALAXY M13 (Stardust Brown, 128 GB)","₹14,890",,4.2,23 Ratings & 4 Reviews
"OPPO A54 (Crystal Black, 128 GB)","₹14,990","₹15,990",4.4,"10,315 Ratings & 644 Reviews"
"OPPO A54 (Moonlight Gold, 64 GB)","₹13,990","₹14,990",4.4,"10,315 Ratings & 644 Reviews"
"OPPO A54 (Starry Blue, 128 GB)","₹13,990","₹17,990",4.3,"3,816 Ratings & 220 Reviews"
"I Kall Z3 (Aquamarine, 64 GB)","₹6,649",,3,920 Ratings & 87 Reviews
"I Kall Z12 (SKY BLUE, 64 GB)","₹6,934",,2.5,49 Ratings & 4 Reviews
,,,,
,,,,
"SAMSUNG GALAXY M13 5G (Stardust Brown, 64 GB)","₹12,988",,4,40 Ratings & 0 Reviews
"Maplin Map-10 5G (Dark Blue, 64 GB)","₹9,988",,,
"I Kall K475 (Gold, 64 GB)","₹6,649",,3,224 Ratings & 24 Reviews
"I Kall Z15 (SKY Blue, 64 GB)","₹7,124",,3,79 Ratings & 6 Reviews
Micromax X512,"₹1,299",,3.9,"9,427 Ratings & 864 Reviews"
Itel it2163S,₹989,,4,286 Ratings & 28 Reviews
Cellecor E3+,"₹1,149",,4.7,7 Ratings & 0 Reviews
"REDMI Note 11S (Horizon Blue, 128 GB)","₹14,800",,4.2,"1,215 Ratings & 110 Reviews"
"I Kall Z2 (Dark Blue, 16 GB)","₹4,749",,3.1,125 Ratings & 12 Reviews
"I Kall Z15 (Green, 64 GB)","₹7,124",,3,79 Ratings & 6 Reviews
"POCO M2 Reloaded (Greyish Black, 64 GB)","₹10,890",,4.3,"66,048 Ratings & 4,585 Reviews"
"Itel A23S (Sky Black, 32 GB)","₹4,895",,3.6,18 Ratings & 0 Reviews
"I Kall Z11 PRO (Grey, 64 GB)","₹6,934",,,
"IKall Z12 PRO (SKY colored, 64 GB)","₹6,899",,3.6,9 Ratings & 0 Reviews
Kechaoda A20,₹999,,3.7,41 Ratings & 1 Reviews
SAMSUNG Metro 313 Dual Sim,"₹2,250","₹2,340",4.3,"23,231 Ratings & 2,392 Reviews"
GREENBERRI F1,"₹1,399","₹1,499",3.9,"1,245 Ratings & 91 Reviews"
"Itel A23S (Sky Cyan, 32 GB)","₹4,888",,3.6,18 Ratings & 0 Reviews
I Kall K43 PRO,₹899,,,
"I Kall Z3 (Aquamarine, 64 GB)","₹6,649",,3,920 Ratings & 87 Reviews
KARBONN K9 Yuva,"₹1,333",,3.9,486 Ratings & 33 Reviews
LAVA A1,"₹1,159",,4.2,"20,165 Ratings & 1,913 Reviews"
"I Kall Z12 (SKY BLUE, 64 GB)","₹6,934",,2.5,49 Ratings & 4 Reviews
"I Kall Z9 (Green, 32 GB)","₹5,224",,2.9,118 Ratings & 14 Reviews
,,,,
,,,,
"SAMSUNG Galaxy F12 (Celestial Black, 128 GB)","₹11,499","₹13,999",4.3,"2,93,542 Ratings & 23,367 Reviews"
"OPPO Reno7 Pro 5G (Starlight Black, 256 GB)","₹34,999","₹47,990",4.3,"6,347 Ratings & 896 Reviews"
"Tecno Spark 9 (Infinity Black, 128 GB)","₹9,981",,4,169 Ratings & 7 Reviews
"OPPO A16 (Pearl Blue, 64 GB)","₹12,990","₹15,990",4.3,"3,368 Ratings & 242 Reviews"
"SAMSUNG GALAXY M13 5G (Aqua Green, 128 GB)","₹14,894",,4.2,41 Ratings & 5 Reviews
"POCO F4 5G (Nebula Green, 256 GB)","₹29,999","₹39,999",4.4,"1,712 Ratings & 269 Reviews"
"Infinix Hot 11S (Polar Black, 128 GB)","₹10,999","₹14,999",4.3,"44,604 Ratings & 4,844 Reviews"
"Infinix Hot 11S (Green Wave, 64 GB)","₹9,999","₹13,999",4.3,"44,604 Ratings & 4,844 Reviews"
"Infinix Hot 11S (Green Wave, 128 GB)","₹10,999","₹14,999",4.3,"44,604 Ratings & 4,844 Reviews"
"Infinix Hot 11S (7° Purple, 128 GB)","₹10,999","₹14,999",4.3,"44,604 Ratings & 4,844 Reviews"
"Infinix Hot 11S (Polar Black, 64 GB)","₹9,999","₹13,999",4.3,"44,604 Ratings & 4,844 Reviews"
"POCO M5 (Power Black, 128 GB)","₹14,499","₹18,999",4.3,248 Ratings & 19 Reviews
"Tecno Spark 9T (Atlantic Blue, 64 GB)","₹9,659",,4,8 Ratings & 0 Reviews
"Tecno Spark 9T (Turquoise Cyan, 64 GB)","₹9,640",,4,8 Ratings & 0 Reviews
Kechaoda A27,"₹1,059","₹1,170",4.1,"5,972 Ratings & 478 Reviews"
Kechaoda A27,"₹1,075","₹1,190",4.1,"5,972 Ratings & 478 Reviews"
Kechaoda A27,"₹1,075","₹1,145",4.1,"5,972 Ratings & 478 Reviews"
Kechaoda A27,"₹1,074","₹1,170",4.1,"5,972 Ratings & 478 Reviews"
Kechaoda K66 The Music House 4,"₹1,399",,3.9,"14,086 Ratings & 1,122 Reviews"
Kechaoda K33 Rock,"₹1,249",,,
Kechaoda K66 The Music House 4,"₹1,290",,3.9,"14,086 Ratings & 1,122 Reviews"
Kechaoda K33 Rock,"₹1,249",,,
Kechaoda K33 Rock,"₹1,249",,,
"REDMI Note 11 Pro (Stealth Black, 128 GB)","₹18,350",,4.1,716 Ratings & 60 Reviews
,,,,
,,,,
"I Kall K475 (Gold, 64 GB)","₹6,649",,3,224 Ratings & 24 Reviews
"I Kall Z15 (SKY Blue, 64 GB)","₹7,124",,3,79 Ratings & 6 Reviews
Kechaoda K33 Rock,"₹1,249",,,
Kechaoda K33 Rock,"₹1,249",,,
"I Kall K525 (Tarnish, 64 GB)","₹7,399","₹7,499",3.3,379 Ratings & 26 Reviews
"I Kall Z2 (Dark Blue, 16 GB)","₹4,749",,3.1,125 Ratings & 12 Reviews
Kechaoda K33 Rock,"₹1,249",,,
Micromax X512,"₹1,175",,3.9,"9,427 Ratings & 864 Reviews"
"realme GT 2 (Steel Black, 128 GB)","₹30,999","₹39,999",4.3,"3,742 Ratings & 522 Reviews"
"vivo Y22 (Starlit Blue, 64 GB)","₹14,499","₹17,990",4,41 Ratings & 2 Reviews
"I Kall Z15 (Green, 64 GB)","₹7,124",,3,79 Ratings & 6 Reviews
"I Kall Z11 PRO (Grey, 64 GB)","₹6,934",,,
"vivo Y22 (Metaverse Green, 128 GB)","₹16,499","₹19,990",4.2,25 Ratings & 3 Reviews
"vivo Y22 (Starlit Blue, 128 GB)","₹16,499","₹19,990",4.2,25 Ratings & 3 Reviews
"IKall Z12 PRO (SKY colored, 64 GB)","₹6,899",,3.6,9 Ratings & 0 Reviews
I Kall K43 PRO,₹899,,,
"MOTOROLA e32 (Arctic Blue, 64 GB)","₹10,499","₹11,999",,
"realme GT 2 (Paper White, 128 GB)","₹30,999","₹39,999",4.3,"3,742 Ratings & 522 Reviews"
"vivo Y22 (Metaverse Green, 64 GB)","₹14,499","₹17,990",4,41 Ratings & 2 Reviews
"realme GT 2 (Paper Green, 128 GB)","₹30,999","₹39,999",4.3,"3,742 Ratings & 522 Reviews"
"I Kall Z3 (Aquamarine, 64 GB)","₹6,649",,3,920 Ratings & 87 Reviews
"I Kall Z12 (SKY BLUE, 64 GB)","₹6,934",,2.5,49 Ratings & 4 Reviews
BlackZone RANGER,₹819,,3.6,813 Ratings & 63 Reviews
"Itel A23 Pro (Lake Blue, 8 GB)","₹3,990",,3.6,"4,268 Ratings & 355 Reviews"
,,,,
,,,,
"I Kall K475 (Gold, 64 GB)","₹6,649",,3,224 Ratings & 24 Reviews
"I Kall Z15 (SKY Blue, 64 GB)","₹7,124",,3,79 Ratings & 6 Reviews
Snexian Guru 5071,₹899,,3.1,7 Ratings & 0 Reviews
"realme Narzo 20 (Glory Silver, 64 GB)","₹12,999",,4.3,"5,18,649 Ratings & 39,209 Reviews"
LAVA A5,"₹1,429",,4.1,"11,901 Ratings & 1,136 Reviews"
Kechaoda A2,"₹1,299",,4.3,3 Ratings & 0 Reviews
"I Kall Z2 (Dark Blue, 16 GB)","₹4,749",,3.1,125 Ratings & 12 Reviews
"I Kall Z15 (Green, 64 GB)","₹7,124",,3,79 Ratings & 6 Reviews
"REDMI 9 Prime (Mint Green, 128 GB)","₹12,990",,4.4,"2,25,242 Ratings & 15,239 Reviews"
Itel Ace2 Star,₹929,,4.5,15 Ratings & 0 Reviews
"I Kall Z11 PRO (Grey, 64 GB)","₹6,934",,,
"IKall Z12 PRO (SKY colored, 64 GB)","₹6,899",,3.6,9 Ratings & 0 Reviews
Itel Power 430,"₹1,635",,3.3,6 Ratings & 1 Reviews
"Infinix Hot 11 2022 (Polar Black, 64 GB)","₹8,999","₹12,999",4.2,"11,072 Ratings & 939 Reviews"
"IQOO Z6 44W (Ravan Black, 128 GB)","₹16,227",,4.3,213 Ratings & 15 Reviews
iSmart IS-101 Ferrari,"₹1,399",,3.9,921 Ratings & 43 Reviews
I Kall K43 PRO,₹899,,,
"I Kall Z3 (Aquamarine, 64 GB)","₹6,649",,3,920 Ratings & 87 Reviews
Good One Magic,"₹1,450","₹1,499",4,"3,681 Ratings & 287 Reviews"
"realme 9 Pro+ 5G (Aurora Green, 256 GB)","₹28,999","₹31,999",4.4,"22,419 Ratings & 2,577 Reviews"
"I Kall Z12 (SKY BLUE, 64 GB)","₹6,934",,2.5,49 Ratings & 4 Reviews
"I Kall Z9 (Green, 32 GB)","₹5,224",,2.9,118 Ratings & 14 Reviews
Good One Magic,"₹1,450","₹1,499",4,"3,681 Ratings & 287 Reviews"
"realme 9 Pro+ 5G (Aurora Green, 128 GB)","₹24,999","₹27,999",4.4,"27,032 Ratings & 3,287 Reviews"
,,,,
,,,,
"Infinix Note 10 Pro (Nordic Secret, 256 GB)","₹16,999","₹19,999",4.2,"12,189 Ratings & 1,638 Reviews"
Kechaoda K116,"₹1,299",,3.9,"5,762 Ratings & 456 Reviews"
"I Kall K475 (Gold, 64 GB)","₹6,649",,3,224 Ratings & 24 Reviews
"I Kall K525 (Tarnish, 64 GB)","₹7,399","₹7,499",3.3,379 Ratings & 26 Reviews
Kechaoda K115,"₹1,135","₹1,150",4.1,"27,457 Ratings & 2,161 Reviews"
"Infinix Hot 11S (Silver Wave, 128 GB)","₹10,999","₹14,999",4.3,"44,604 Ratings & 4,844 Reviews"
"I Kall Z2 (Dark Blue, 16 GB)","₹4,749",,3.1,125 Ratings & 12 Reviews
"I Kall Z15 (Green, 64 GB)","₹7,124",,3,79 Ratings & 6 Reviews
"Infinix Hot 11S (Silver Wave, 64 GB)","₹9,999","₹13,999",4.3,"44,604 Ratings & 4,844 Reviews"
"SAMSUNG Galaxy M12 (White, 128 GB)","₹13,190",,4.2,"7,304 Ratings & 537 Reviews"
Nokia 105DS PLUS,"₹1,579",,4.1,117 Ratings & 9 Reviews
"OnePlus Nord 2T 5G (Gray Shadow, 256 GB)","₹33,979",,4.4,734 Ratings & 62 Reviews
"I Kall Z11 PRO (Grey, 64 GB)","₹6,934",,,
"IKall Z12 PRO (SKY colored, 64 GB)","₹6,899",,3.6,9 Ratings & 0 Reviews
"REDMI 10A (CHARCOAL BLACK, 128 GB)","₹10,990",,,
"SAMSUNG GALAXY M13 5G (Aqua Green, 64 GB)","₹12,999",,4,40 Ratings & 0 Reviews
I Kall K43 PRO,₹899,,,
"I Kall Z3 (Aquamarine, 64 GB)","₹6,649",,3,920 Ratings & 87 Reviews
Snexian BOLD 600,"₹1,099",,3.8,43 Ratings & 1 Reviews
Itel it5026,"₹1,400",,4,895 Ratings & 89 Reviews
"REDMI Note 10 Lite (Glacier White, 128 GB)","₹14,975","₹15,799",4.3,752 Ratings & 60 Reviews
"SAMSUNG Galaxy S22 Plus 5G (Phantom White, 128 GB)","₹69,999","₹1,01,999",4.6,904 Ratings & 98 Reviews
"I Kall Z12 (SKY BLUE, 64 GB)","₹6,934",,2.5,49 Ratings & 4 Reviews
"I Kall Z9 (Green, 32 GB)","₹5,224",,2.9,118 Ratings & 14 Reviews
,,,,
,,,,
Kechaoda A2,"₹1,299",,4.3,3 Ratings & 0 Reviews
Easyfone Udaan_Plus,"₹2,790",,,
"I Kall K475 (Gold, 64 GB)","₹6,649",,3,224 Ratings & 24 Reviews
"I Kall Z15 (SKY Blue, 64 GB)","₹7,124",,3,79 Ratings & 6 Reviews
Itel IT5626,"₹1,999",,4,996 Ratings & 109 Reviews
Good One FLIP,"₹1,399","₹1,497",4.1,301 Ratings & 41 Reviews
"vivo Y75 (Moonlight Shadow, 128 GB)","₹20,999","₹25,990",4.2,"1,014 Ratings & 94 Reviews"
"vivo V21e (Dark Pearl, 128 GB)","₹24,990","₹27,990",4.3,"7,775 Ratings & 734 Reviews"
"I Kall Z2 (Dark Blue, 16 GB)","₹4,749",,3.1,125 Ratings & 12 Reviews
"I Kall Z15 (Green, 64 GB)","₹7,124",,3,79 Ratings & 6 Reviews
KARBONN KX3,₹999,,4,"1,721 Ratings & 120 Reviews"
"vivo V25 Pro 5G (Pure Black, 128 GB)","₹35,999",,4.3,"3,025 Ratings & 423 Reviews"
"I Kall Z11 PRO (Grey, 64 GB)","₹6,934",,,
I Kall K43 PRO,₹899,,,
"APPLE iPhone 14 Plus (Purple, 128 GB)","₹89,900",,5,5 Ratings & 0 Reviews
"POCO M3 Pro 5G (Cool Blue, 128 GB)","₹16,499","₹17,999",4.2,"50,851 Ratings & 4,344 Reviews"
"Tecno Spark Go 2022 (Turquoise Cyan, 32 GB)","₹6,885","₹7,399",4.2,529 Ratings & 40 Reviews
"Tecno Spark Go 2022 (ice silver, 32 GB)","₹6,920","₹7,557",4.2,529 Ratings & 40 Reviews
"IKall Z12 PRO (SKY colored, 64 GB)","₹6,899",,3.6,9 Ratings & 0 Reviews
"I Kall Z3 (Aquamarine, 64 GB)","₹6,649",,3,920 Ratings & 87 Reviews
"realme Narzo 50A (Oxygen Green, 128 GB)","₹10,099","₹13,999",4.4,"3,31,864 Ratings & 21,820 Reviews"
"REDMI Note 9 (Scarlet Red, 64 GB)","₹12,450","₹12,990",4.3,"1,22,544 Ratings & 9,406 Reviews"
"I Kall Z12 (SKY BLUE, 64 GB)","₹6,934",,2.5,49 Ratings & 4 Reviews
"I Kall Z9 (Green, 32 GB)","₹5,224",,2.9,118 Ratings & 14 Reviews
,,,,
,,,,
KARBONN K31 Star,"₹1,299",,4,32 Ratings & 1 Reviews
"APPLE iPhone 13 Mini (Midnight, 128 GB)","₹54,990","₹64,900",4.5,"2,571 Ratings & 228 Reviews"
Kechaoda A26,"₹1,074","₹1,190",4.1,"12,947 Ratings & 961 Reviews"
"realme C21 (Cross Black, 64 GB)","₹10,999",,4.4,"1,45,756 Ratings & 7,078 Reviews"
"I Kall K475 (Gold, 64 GB)","₹6,649",,3,224 Ratings & 24 Reviews
"I Kall Z15 (SKY Blue, 64 GB)","₹7,124",,3,79 Ratings & 6 Reviews
"OPPO A16E (White, 64 GB)","₹9,999","₹15,990",4.2,822 Ratings & 43 Reviews
Snexian BOLD,"₹1,199",,3.9,721 Ratings & 25 Reviews
"I Kall Z2 (Dark Blue, 16 GB)","₹4,749",,3.1,125 Ratings & 12 Reviews
"I Kall Z15 (Green, 64 GB)","₹7,124",,3,79 Ratings & 6 Reviews
"REDMI Note 10 Pro (Vintage Bronze, 128 GB)","₹17,999","₹19,999",4.3,"38,229 Ratings & 3,561 Reviews"
"SAMSUNG Galaxy A23 (Peach, 128 GB)","₹17,499","₹23,990",4.2,484 Ratings & 37 Reviews
SAMSUNG GURU 1200,"₹1,660",,4,849 Ratings & 63 Reviews
"ASUS ROG 5s (Black, 128 GB)","₹46,999","₹55,999",4.2,595 Ratings & 84 Reviews
"I Kall Z11 PRO (Grey, 64 GB)","₹6,934",,,
"IKall Z12 PRO (SKY colored, 64 GB)","₹6,899",,3.6,9 Ratings & 0 Reviews
"SAMSUNG Galaxy S22 5G (Green, 256 GB)","₹55,990",,3.7,3 Ratings & 0 Reviews
"SAMSUNG Galaxy S22 5G (Phantom Black, 256 GB)","₹56,899",,3.7,3 Ratings & 0 Reviews
I Kall K43 PRO,₹899,,,
"I Kall Z3 (Aquamarine, 64 GB)","₹6,649",,3,920 Ratings & 87 Reviews
"REDMI 9 Prime (Space Blue, 64 GB)","₹11,990",,4.4,"2,25,242 Ratings & 15,239 Reviews"
Kechaoda A27,"₹1,074","₹1,170",4.1,"5,972 Ratings & 478 Reviews"
Itel IT2173,₹979,"₹1,025",4.1,"1,711 Ratings & 158 Reviews"
Itel IT5026,"₹1,306","₹1,369",4,895 Ratings & 89 Reviews
,,,,
,,,,
"I Kall Z15 (SKY Blue, 64 GB)","₹7,124",,3,79 Ratings & 6 Reviews
"I Kall K475 (Gold, 64 GB)","₹6,649",,3,224 Ratings & 24 Reviews
Itel IT2173,₹979,"₹1,025",4.1,"1,711 Ratings & 158 Reviews"
"Itel Vision 3 (Deep Ocean Black, 64 GB)","₹6,999","₹7,949",4,275 Ratings & 38 Reviews
"I Kall Z2 (Dark Blue, 16 GB)","₹4,749",,3.1,125 Ratings & 12 Reviews
"I Kall Z15 (Green, 64 GB)","₹7,124",,3,79 Ratings & 6 Reviews
"REDMI Note 10 Pro Max (Glacial Blue, 128 GB)","₹18,849",,4.3,"13,609 Ratings & 993 Reviews"
"OPPO A77 (Sunset Orange, 128 GB)","₹15,999","₹19,999",4.6,70 Ratings & 5 Reviews
"OPPO A77 (Sky Blue, 128 GB)","₹15,999","₹19,999",4.6,70 Ratings & 5 Reviews
"OPPO A15S (Fancy white, 128 GB)","₹11,629","₹12,389",4.4,"5,042 Ratings & 277 Reviews"
"I Kall Z11 PRO (Grey, 64 GB)","₹6,934",,,
"IKall Z12 PRO (SKY colored, 64 GB)","₹6,899",,3.6,9 Ratings & 0 Reviews
"OPPO A77 (Sky Blue, 64 GB)","₹15,499","₹18,999",4.6,70 Ratings & 5 Reviews
Snexian Guru 5071,₹899,,3.1,7 Ratings & 0 Reviews
I Kall K43 PRO,₹899,,,
"I Kall Z3 (Aquamarine, 64 GB)","₹6,649",,3,920 Ratings & 87 Reviews
Kechaoda 888,"₹1,937",,4.1,83 Ratings & 6 Reviews
LAVA A5,"₹1,410","₹1,590",4.1,"11,901 Ratings & 1,136 Reviews"
"REDMI Note 10 (Frost White, 128 GB)","₹15,450",,4.3,"7,294 Ratings & 531 Reviews"
"OPPO A57 (Green, 64 GB)","₹13,989",,4.4,"1,570 Ratings & 83 Reviews"
"I Kall Z12 (SKY BLUE, 64 GB)","₹6,934",,2.5,49 Ratings & 4 Reviews
"I Kall Z14 (Grey, 64 GB)","₹7,124",,3,73 Ratings & 1 Reviews
"realme 9 Pro+ 5G (Midnight Black, 128 GB)","₹26,999","₹29,999",4.4,"22,419 Ratings & 2,577 Reviews"
"realme 9 Pro+ 5G (Sunrise Blue, 128 GB)","₹24,999","₹27,999",,
,,,,
,,,,
"I Kall K475 (Gold, 64 GB)","₹6,649",,3,224 Ratings & 24 Reviews
"I Kall Z15 (SKY Blue, 64 GB)","₹7,124",,3,79 Ratings & 6 Reviews
Kechaoda K103,"₹1,399",,3.9,275 Ratings & 21 Reviews
"SAMSUNG Galaxy A33 (Awesome Black, 128 GB)","₹24,499","₹32,990",4,879 Ratings & 94 Reviews
"realme C21 (Cross Blue, 64 GB)","₹10,999",,4.4,"1,45,756 Ratings & 7,079 Reviews"
I Kall K78,"₹1,204","₹1,224",3.8,544 Ratings & 46 Reviews
"I Kall Z2 (Dark Blue, 16 GB)","₹4,749",,3.1,125 Ratings & 12 Reviews
"I Kall Z15 (Green, 64 GB)","₹7,124",,3,79 Ratings & 6 Reviews
"Tecno Spark 8C (Turquoise Cyan, 64 GB)","₹9,289",,4.3,84 Ratings & 9 Reviews
"LYF Earth 2 (Black, 32 GB)","₹5,499",,3.3,154 Ratings & 16 Reviews
"I Kall Z11 PRO (Grey, 64 GB)","₹6,934",,,
"IKall Z12 PRO (SKY colored, 64 GB)","₹6,899",,3.6,9 Ratings & 0 Reviews
"Tecno Spark 8C (Iris Purple, 64 GB)","₹8,997",,4.3,84 Ratings & 9 Reviews
Itel Magic3 Smart Touch Keypad,"₹1,688","₹2,099",4.1,494 Ratings & 46 Reviews
Good One FLIP,"₹1,399",,4.1,301 Ratings & 41 Reviews
DIZO Star 300,"₹1,290",,3.9,"9,011 Ratings & 1,082 Reviews"
I Kall K43 PRO,₹899,,,
"I Kall Z3 (Aquamarine, 64 GB)","₹6,649",,3,920 Ratings & 87 Reviews
"POCO M3 (Cool Blue, 128 GB)","₹12,999","₹14,999",4.3,"4,77,485 Ratings & 34,658 Reviews"
"APPLE iPhone 14 Plus (Starlight, 128 GB)","₹89,900",,5,5 Ratings & 0 Reviews
"I Kall Z12 (SKY BLUE, 64 GB)","₹6,934",,2.5,49 Ratings & 4 Reviews
"I Kall Z9 (Green, 32 GB)","₹5,224",,2.9,118 Ratings & 14 Reviews
"SAMSUNG Galaxy M12 (Black, 64 GB)","₹11,799",,4.2,"16,103 Ratings & 1,195 Reviews"
Kechaoda K115,"₹1,125",,4.1,"27,457 Ratings & 2,161 Reviews"
,,,,
Itel Ace Young Without Charger,"₹1,049",,4,"2,404 Ratings & 170 Reviews"
"OPPO A96 (Sunset Blue, 128 GB)","₹17,999","₹23,999",4.3,689 Ratings & 68 Reviews
"I Kall K475 (Gold, 64 GB)","₹6,649",,3,224 Ratings & 24 Reviews
"I Kall Z15 (SKY Blue, 64 GB)","₹7,124",,3,79 Ratings & 6 Reviews
Snexian BOLD 777,₹999,,,
Snexian BOLD 777,₹999,,,
"I Kall Z2 (Dark Blue, 16 GB)","₹4,749",,3.1,125 Ratings & 12 Reviews
"I Kall Z15 (Green, 64 GB)","₹7,124",,3,79 Ratings & 6 Reviews
"SAMSUNG M32 5G (Slate Black, 128 GB)","₹17,989",,4.1,"3,669 Ratings & 273 Reviews"
"realme 8 5G (Supersonic Blue, 64 GB)","₹15,499","₹15,999",4.3,"75,187 Ratings & 6,010 Reviews"
"realme 8 5G (Supersonic Black, 128 GB)","₹18,499","₹18,999",4.4,"69,243 Ratings & 5,697 Reviews"
SAREGAMA Carvaan Mobile M21(CM281) with 1500 pre-loaded songs,"₹2,490",,4.1,36 Ratings & 6 Reviews
"I Kall Z11 PRO (Grey, 64 GB)","₹6,934",,,
"IKall Z12 PRO (SKY colored, 64 GB)","₹6,899",,3.6,9 Ratings & 0 Reviews
"Itel Vision2S (Deep Blue, 32 GB)","₹5,999","₹6,599",4,784 Ratings & 79 Reviews
"OPPO A15 (Dynamic Black, 32 GB)","₹8,990","₹12,990",4.3,"1,914 Ratings & 111 Reviews"
I Kall K43 PRO,₹899,,,
"I Kall Z3 (Aquamarine, 64 GB)","₹6,649",,3,920 Ratings & 87 Reviews
"POCO F3 GT 5G (Gunmetal Silver, 128 GB)","₹28,999","₹34,999",4.3,"14,604 Ratings & 1,908 Reviews"
"vivo Y75 (Dancing waves, 128 GB)","₹20,999","₹25,990",4.2,"1,014 Ratings & 94 Reviews"
"APPLE iPhone 14 (Blue, 256 GB)","₹89,900",,4.7,225 Ratings & 10 Reviews
"OPPO A16k (Black, 64 GB)","₹10,289","₹10,980",4.2,396 Ratings & 26 Reviews
"I Kall Z12 (SKY BLUE, 64 GB)","₹6,934",,2.5,49 Ratings & 4 Reviews
"I Kall Z9 (Green, 32 GB)","₹5,224",,2.9,118 Ratings & 14 Reviews
,,,,
,,,,
Kechaoda K33,"₹1,135","₹1,190",4,"7,864 Ratings & 530 Reviews"
"realme Narzo 30 (Racing Silver, 64 GB)","₹14,499","₹15,999",4.3,"74,991 Ratings & 5,986 Reviews"
"I Kall K475 (Gold, 64 GB)","₹6,649",,3,224 Ratings & 24 Reviews
"I Kall K525 (Tarnish, 64 GB)","₹7,399","₹7,499",3.3,379 Ratings & 26 Reviews
"realme Narzo 30 (Racing Blue, 64 GB)","₹13,499","₹14,999",4.4,"1,05,191 Ratings & 8,932 Reviews"
LAVA A9,"₹1,680","₹1,849",4.1,"7,938 Ratings & 798 Reviews"
"realme GT NEO 2 (NEO Black, 256 GB)","₹35,999","₹38,999",4.4,"4,284 Ratings & 616 Reviews"
Itel Muzik 110,"₹1,244","₹1,299",4,267 Ratings & 26 Reviews
"I Kall Z15 (SKY Blue, 64 GB)","₹7,124",,3,79 Ratings & 6 Reviews
"I Kall Z2 (Dark Blue, 16 GB)","₹4,749",,3.1,125 Ratings & 12 Reviews
"APPLE iPhone 14 Plus (Purple, 256 GB)","₹99,900",,5,5 Ratings & 0 Reviews
"OPPO A57 (Glowing Black, 64 GB)","₹13,999","₹16,990",4.4,"1,570 Ratings & 83 Reviews"
"I Kall Z15 (Green, 64 GB)","₹7,124",,3,79 Ratings & 6 Reviews
"I Kall Z11 PRO (Grey, 64 GB)","₹6,934",,,
"realme C25 (Watery Blue, 64 GB)","₹10,999",,4.4,"43,978 Ratings & 2,298 Reviews"
"REDMI Note 10S (Shadow Black, 128 GB)","₹16,499","₹18,999",4.4,"76,314 Ratings & 5,173 Reviews"
"APPLE iPhone 14 Plus (Blue, 256 GB)","₹99,900",,5,5 Ratings & 0 Reviews
"REDMI 9 Prime (Mint Green, 64 GB)","₹11,490",,4.4,"2,25,242 Ratings & 15,239 Reviews"
"IKall Z12 PRO (SKY colored, 64 GB)","₹6,899",,3.6,9 Ratings & 0 Reviews
I Kall K43 PRO,₹899,,,
"REDMI Note 11 Pro (Star blue, 128 GB)","₹17,848","₹22,999",4.1,716 Ratings & 60 Reviews
"REDMI Note 11 Pro (Star Blue, 128 GB)","₹19,950","₹23,990",4.2,468 Ratings & 36 Reviews
"I Kall Z3 (Aquamarine, 64 GB)","₹6,649",,3,920 Ratings & 87 Reviews
"I Kall Z12 (SKY BLUE, 64 GB)","₹6,934",,2.5,49 Ratings & 4 Reviews
,,,,
Kechaoda K05,"₹1,199",,4.2,26 Ratings & 2 Reviews
Kechaoda K05,"₹1,199",,4.2,26 Ratings & 2 Reviews
"Tecno Pova Neo (Obsidian Black, 128 GB)","₹12,459",,4.1,392 Ratings & 27 Reviews
Salora Coral,₹899,,3.8,441 Ratings & 45 Reviews
"I Kall K475 (Gold, 64 GB)","₹6,649",,3,224 Ratings & 24 Reviews
"I Kall Z2 (Dark Blue, 16 GB)","₹4,749",,3.1,125 Ratings & 12 Reviews
"IQOO Neo 6 5G (Cyber Rage, 128 GB)","₹30,990",,4.3,264 Ratings & 37 Reviews
"10 Prime (Astral White, 64 GB)","₹11,199",,4.7,21 Ratings & 0 Reviews
"I Kall Z15 (Green, 64 GB)","₹7,124",,3,79 Ratings & 6 Reviews
"I Kall Z11 PRO (Grey, 64 GB)","₹6,934",,,
"IQOO Z6 5G (Chromatic Blue, 128 GB)","₹17,396",,4.1,203 Ratings & 13 Reviews
"realme C25s (Watery Blue, 128 GB)","₹11,999",,4.4,"50,081 Ratings & 2,902 Reviews"
"SAMSUNG Galaxy S21 FE 5G (White, 128 GB)","₹35,999","₹74,999",4.4,"14,417 Ratings & 1,424 Reviews"
"REDMI Note 10 Pro (Dark Night, 128 GB)","₹17,999","₹19,999",4.3,"38,229 Ratings & 3,561 Reviews"
"IKall Z12 PRO (SKY colored, 64 GB)","₹6,899",,3.6,9 Ratings & 0 Reviews
I Kall K43 PRO,₹899,,,
"Itel Vision 3 (Jewel Blue, 64 GB)","₹7,999",,4,275 Ratings & 38 Reviews
"Tecno Spark 9 (Sky Mirror, 128 GB)","₹10,126",,4,169 Ratings & 7 Reviews
"I Kall Z3 (Aquamarine, 64 GB)","₹6,649",,3,920 Ratings & 87 Reviews
"I Kall Z12 (SKY BLUE, 64 GB)","₹6,934",,2.5,49 Ratings & 4 Reviews
Itel Magic3 Smart Touch Keypad,"₹1,688","₹2,099",4.1,494 Ratings & 46 Reviews
"POCO M3 (Yellow, 64 GB)","₹11,999",,4.3,"1,23,449 Ratings & 8,892 Reviews"
"REDMI 9 Prime (Sunrise Flare, 64 GB)","₹10,499","₹11,999",4.4,"2,25,242 Ratings & 15,239 Reviews"
"Itel A25 (Gradation Blue, 16 GB)","₹4,899",,3.9,"1,000 Ratings & 94 Reviews"
,,,,
,,,,
"I Kall K475 (Gold, 64 GB)","₹6,649",,3,224 Ratings & 24 Reviews
"I Kall Z15 (SKY Blue, 64 GB)","₹7,124",,3,79 Ratings & 6 Reviews
"POCO M3 Pro 5G (Power Black, 64 GB)","₹14,499","₹15,999",4.3,"61,631 Ratings & 4,791 Reviews"
Lava Pulse1- with contactless Talking Thermometer,"₹2,200",,4.1,423 Ratings & 42 Reviews
"I Kall Z2 (Dark Blue, 16 GB)","₹4,749",,3.1,125 Ratings & 12 Reviews
"I Kall Z15 (Green, 64 GB)","₹7,124",,3,79 Ratings & 6 Reviews
"APPLE iPhone 13 Pro Max (Graphite, 512 GB)","₹1,59,900",,4.6,"1,577 Ratings & 161 Reviews"
"REDMI 10 Prime (Bifrost Blue, 128 GB)","₹14,470",,4.2,"5,513 Ratings & 408 Reviews"
BlackZone B-310 GOLD,₹869,,3.8,645 Ratings & 38 Reviews
"Itel Vision2S (Gradation Purple, 32 GB)","₹6,190",,4,784 Ratings & 79 Reviews
"I Kall Z11 PRO (Grey, 64 GB)","₹6,934",,,
"IKall Z12 PRO (SKY colored, 64 GB)","₹6,899",,3.6,9 Ratings & 0 Reviews
"APPLE iPhone SE (White, 128 GB)","₹34,990","₹44,900",4.5,"1,53,159 Ratings & 12,029 Reviews"
"SAMSUNG Galaxy M12 (White, 64 GB)","₹11,689",,4.2,"16,103 Ratings & 1,195 Reviews"
I Kall K43 PRO,₹899,,,
"I Kall Z3 (Aquamarine, 64 GB)","₹6,649",,3,920 Ratings & 87 Reviews
Kechaoda K10,"₹1,119","₹1,190",3.9,"13,461 Ratings & 903 Reviews"
LAVA A1 Super 2021,"₹1,199","₹1,340",4.1,"1,673 Ratings & 130 Reviews"
"vivo Y21 (Diamond Glow, 64 GB)","₹13,499","₹17,990",4.3,"13,908 Ratings & 1,059 Reviews"
Cellecor E3,"₹1,179",,4.2,5 Ratings & 1 Reviews
"I Kall Z12 (SKY BLUE, 64 GB)","₹6,934",,2.5,49 Ratings & 4 Reviews
"I Kall Z14 (Grey, 64 GB)","₹7,124",,3,73 Ratings & 1 Reviews
"Tecno Spark 8C (Diamond Grey, 64 GB)","₹8,340",,4.2,372 Ratings & 27 Reviews
GFive C3 Green,"₹1,099",,3.9,85 Ratings & 5 Reviews
,,,,
,,,,
"I Kall K475 (Gold, 64 GB)","₹6,649",,3,224 Ratings & 24 Reviews
"I Kall K525 (Tarnish, 64 GB)","₹7,399","₹7,499",3.3,379 Ratings & 26 Reviews
Kechaoda K28,"₹1,499",,4.1,"2,572 Ratings & 229 Reviews"
"OPPO A54 (Crystal Black, 64 GB)","₹13,990","₹14,990",4.4,"10,315 Ratings & 644 Reviews"
"IQOO 7 legend (legend, 128 GB)","₹34,990",,3.4,8 Ratings & 0 Reviews
Kechaoda K28,"₹1,490",,4.1,"2,572 Ratings & 229 Reviews"
"I Kall Z2 (Dark Blue, 16 GB)","₹4,749",,3.1,125 Ratings & 12 Reviews
"I Kall Z15 (Green, 64 GB)","₹7,124",,3,79 Ratings & 6 Reviews
"OPPO A54 (Starry Blue, 64 GB)","₹11,665",,4.4,"10,315 Ratings & 644 Reviews"
"OPPO A54 (Moonlight Gold, 128 GB)","₹14,990","₹15,990",4.4,"10,315 Ratings & 644 Reviews"
"I Kall Z11 PRO (Grey, 64 GB)","₹6,934",,,
I Kall K43 PRO,₹899,,,
PHILIPS E102A,"₹1,199","₹1,239",3.8,501 Ratings & 70 Reviews
LAVA A1500,"₹1,399","₹1,829",4.1,"1,885 Ratings & 200 Reviews"
"APPLE iPhone 14 Plus ((PRODUCT)RED, 128 GB)","₹89,900",,5,5 Ratings & 0 Reviews
"OPPO A16 (Royal Gold, 64 GB)","₹12,990","₹15,990",4.3,"3,368 Ratings & 242 Reviews"
"IKall Z12 PRO (SKY colored, 64 GB)","₹6,899",,3.6,9 Ratings & 0 Reviews
"I Kall Z3 (Aquamarine, 64 GB)","₹6,649",,3,920 Ratings & 87 Reviews
"SAMSUNG M53 5G (Emerald Brown, 128 GB)","₹25,700",,4.4,20 Ratings & 1 Reviews
"POCO M3 Pro 5G (Cool Blue, 64 GB)","₹14,499","₹15,999",4.3,"61,631 Ratings & 4,791 Reviews"
"I Kall Z12 (SKY BLUE, 64 GB)","₹6,934",,2.5,49 Ratings & 4 Reviews
"I Kall Z9 (Green, 32 GB)","₹5,224",,2.9,118 Ratings & 14 Reviews
"vivo Y73 (Diamond Flare, 128 GB)","₹19,990","₹24,990",4.4,"9,742 Ratings & 872 Reviews"
Micromax X746,"₹2,499",,4,"18,128 Ratings & 1,977 Reviews"
,,,,
,,,,
